,Id,SeriousDlqin2yrs,RevolvingUtilizationOfUnsecuredLines,age,NumberOfTime30-59DaysPastDueNotWorse,Debt,MonthlyIncome,NumberOfOpenCreditLinesAndLoans,NumberOfTimes90DaysLate,NumberRealEstateLoansOrLines,NumberOfTime60-89DaysPastDueNotWorse,NumberOfDependents
0,1,1,0.766126609,45,2,7323.19701648,9120.0,13,0,6,0,2.0
1,2,0,0.957151019,40,0,316.8781226,2600.0,4,0,0,0,1.0
2,3,0,0.65818014,38,1,258.91488675,3042.0,2,1,0,0,0.0
3,4,0,0.233809776,30,0,118.9639506,3300.0,5,0,0,0,0.0
4,5,0,0.9072394,49,1,1584.97509366,63588.0,7,0,1,0,0.0
5,6,0,0.213178682,74,0,1314.6243915,3500.0,3,0,1,0,1.0
6,7,0,0.305682465,57,0,,6438.4734917733085,8,0,3,0,0.0
7,8,0,0.754463648,39,0,734.7900595,3500.0,8,0,0,0,0.0
8,9,0,0.116950644,27,0,,6438.4734917733085,2,0,0,0,
9,10,0,0.189169052,57,0,14359.393699284,23684.0,9,0,4,0,2.0
10,11,0,0.644225962,30,0,773.690525,2500.0,5,0,0,0,0.0
11,12,0,0.01879812,51,0,3455.46846876,6501.0,7,0,2,0,2.0
12,13,0,0.010351857,46,0,3715.70165005,12454.0,13,0,2,0,2.0
13,14,1,0.964672555,40,3,5246.6170339,13700.0,9,3,1,1,2.0
14,15,0,0.019656581,76,0,0.0,0.0,6,0,1,0,0.0
15,16,0,0.548458062,64,0,2384.790108948,11362.0,7,0,1,0,2.0
16,17,0,0.061086118,78,0,,6438.4734917733085,10,0,2,0,0.0
17,18,0,0.166284079,53,0,1656.811728,8800.0,7,0,0,0,0.0
18,19,0,0.221812771,43,0,1731.47211192,3280.0,7,0,1,0,2.0
19,20,0,0.602794411,25,0,21.934131579,333.0,2,0,0,0,0.0
20,21,0,0.200923382,43,0,5289.5699574,12300.0,10,0,2,0,0.0
21,22,1,0.025655677,38,0,1427.524158,3000.0,7,0,1,0,2.0
22,23,0,0.9999999,39,0,602.7588975,2500.0,4,0,0,0,0.0
23,24,0,0.075426584,32,0,676.9144881240001,7916.0,6,0,0,0,0.0
24,25,0,0.04656027,58,0,583.75837752,2416.0,9,0,1,0,0.0
25,26,1,0.392248482,50,0,7459.404748768,4676.0,14,0,3,0,1.0
26,27,0,0.052436094,58,0,813.902325938,8333.0,22,0,1,0,0.0
27,28,0,0.034421473,69,0,105.9576175,2500.0,17,0,0,0,1.0
28,29,0,0.452515828,24,0,39.9882398,3400.0,1,0,0,0,0.0
29,30,0,0.392994586,58,2,2398.5638985,5500.0,15,0,1,0,0.0
30,31,0,0.704073982,28,1,651.8448006000001,4200.0,8,0,0,0,0.0
31,32,0,0.9999999,24,0,354.52729725,750.0,1,0,0,0,0.0
32,33,0,0.083418009,62,0,,6438.4734917733085,6,0,1,0,0.0
33,34,0,0.186868556,57,0,2196.6861910000002,7000.0,9,0,2,0,0.0
34,35,0,0.693329681,42,2,574.7422685700001,2230.0,7,0,0,0,0.0
35,36,0,0.0,64,0,808.926459,11000.0,9,0,1,0,0.0
36,37,0,0.881836362,50,3,2271.43214,4000.0,9,0,1,0,1.0
37,38,0,0.9999999,75,1,455.8659208,3400.0,1,0,1,0,1.0
38,39,0,0.363636364,26,0,9.99001,1000.0,1,0,0,0,0.0
39,40,0,0.304490668,52,0,2829.191659,3500.0,10,0,2,0,0.0
40,41,0,0.71998531,41,1,3075.4604447999996,5700.0,14,0,1,0,0.0
41,42,0,0.07289757,81,0,,6438.4734917733085,7,0,0,0,0.0
42,43,0,0.469056842,31,0,445.951787,9250.0,4,0,0,0,1.0
43,44,0,0.718705378,28,0,622.8298728540001,3661.0,4,0,0,0,1.0
44,45,0,0.368875933,68,0,1687.5,1.0,31,0,1,0,0.0
45,46,0,0.000602723,70,0,2986.8222048000002,16800.0,12,0,1,0,2.0
46,47,0,0.061440132,62,0,34.988833321,3133.0,2,0,0,0,0.0
47,48,0,0.140110634,31,0,1335.310629445,1937.0,4,0,2,0,0.0
48,49,0,0.834048027,38,0,5117.606338,13000.0,13,0,2,0,2.0
49,50,0,7.96e-05,70,0,1768.7436609,6900.0,21,1,1,0,0.0
50,51,0,0.818977517,73,0,0.0,0.0,9,0,1,1,0.0
51,52,1,0.728150491,31,0,2474.175276,3000.0,10,0,2,0,1.0
52,53,0,0.9999999,62,0,,6438.4734917733085,1,0,0,0,0.0
53,54,0,0.028562367,51,0,1761.69361925,5750.0,5,0,1,0,0.0
54,55,0,0.992015968,29,0,17.991935196,2231.0,1,0,0,0,0.0
55,56,0,0.070853769,55,0,1008.926846785,13793.0,4,0,1,0,0.0
56,57,0,0.454971915,46,1,219.983075,13000.0,10,0,0,0,1.0
57,58,0,0.401199782,64,0,1129.648741392,3216.0,4,0,1,0,0.0
58,59,0,0.541108804,43,0,,6438.4734917733085,3,0,1,0,2.0
59,60,0,0.655569945,35,0,1520.7383893909998,5813.0,10,0,0,0,2.0
60,61,0,0.651603452,58,0,1876.758865129,7783.0,11,0,1,0,0.0
61,62,0,0.027399502,69,0,44.991968,5600.0,3,0,0,0,0.0
62,63,0,0.101155821,72,0,,6438.4734917733085,12,0,2,0,0.0
63,64,0,0.009788862,46,0,3496.948603856,3326.0,6,0,2,0,2.0
64,65,0,0.337520702,60,0,2474.4501225000004,4500.0,10,0,2,0,0.0
65,66,0,0.0,67,0,2012.45901804,3720.0,2,0,1,0,0.0
66,67,0,0.750873672,55,2,2443.6835868949997,7723.0,17,0,1,0,1.0
67,68,0,0.006799093,27,1,520.318954528,764.0,3,0,0,0,0.0
68,69,0,0.004264079,31,0,222.888556,2000.0,6,1,0,0,2.0
69,70,0,0.26948375,64,0,1522.8389408,9455.0,13,0,1,0,3.0
70,71,0,0.265898391,36,0,2201.7373898879996,8384.0,6,0,2,0,1.0
71,72,0,0.142013011,67,0,,6438.4734917733085,7,0,2,0,0.0
72,73,0,0.827708197,56,0,2510.6304062950003,6793.0,15,1,1,0,0.0
73,74,0,0.059668871,31,0,0.0,0.0,11,0,2,0,1.0
74,75,1,0.13306279,49,1,1875.8171148210001,10257.0,9,0,2,0,3.0
75,76,0,0.234218112,36,0,1002.8833841999999,8600.0,19,0,0,0,3.0
76,77,0,0.122295933,29,0,3334.3053552,4800.0,5,0,1,0,0.0
77,78,0,0.460376317,37,0,368.92584627499997,4975.0,6,0,0,0,0.0
78,79,0,0.335558577,69,0,4056.729555,15000.0,14,0,2,0,1.0
79,80,0,0.270522569,41,0,2915.20230069,1042.0,11,0,2,0,2.0
80,81,0,0.183316667,52,0,1203.888871959,10833.0,14,0,2,0,1.0
81,82,0,0.074861676,66,0,939.7911555,4500.0,3,0,1,0,0.0
82,83,0,0.017258977,53,0,32332.395494622,12414.0,13,0,1,0,2.0
83,84,0,0.054497069,56,0,2435.5079793,4950.0,18,0,2,0,0.0
84,85,0,0.029164236,31,0,1303.6049697,3300.0,10,0,1,0,0.0
85,86,0,0.0,58,0,1544.6838543640001,4886.0,9,0,1,0,1.0
86,87,0,0.360509632,58,1,,6438.4734917733085,8,0,2,0,0.0
87,88,0,0.003749688,64,0,12.9959392,3200.0,5,0,0,1,0.0
88,89,1,0.734477501,45,0,2789.408521944,4716.0,13,0,2,0,2.0
89,90,0,0.080564168,60,0,2395.512709252,4916.0,15,0,2,0,0.0
90,91,0,0.039387786,51,0,0.0,0.0,7,0,0,0,0.0
91,92,0,0.023767433,83,0,1299.876207,10500.0,13,0,0,0,0.0
92,93,0,0.784835658,52,0,,6438.4734917733085,10,0,2,1,0.0
93,94,0,0.888822236,34,0,1123.6315961,3050.0,4,0,0,0,1.0
94,95,0,0.791173628,44,0,1588.487585,3100.0,5,0,1,0,0.0
95,96,0,0.24535301,37,0,1874.7115854999997,6500.0,11,1,1,1,0.0
96,97,0,0.542242704,48,2,,6438.4734917733085,2,0,0,0,
97,98,0,0.010531379,57,0,1603.7193357380002,5714.0,6,0,1,0,0.0
98,99,0,0.363199686,32,0,1393.5194753,2900.0,4,0,1,0,0.0
99,100,0,0.032617977,75,0,50.9931975,7500.0,4,0,0,0,0.0
100,101,0,0.013024674,61,0,,6438.4734917733085,4,0,0,0,0.0
101,102,0,0.019387779,34,0,1303.67408,4000.0,9,0,1,0,0.0
102,103,0,0.634485057,52,0,371.86176137,2690.0,2,0,0,0,0.0
103,104,0,0.888008615,44,0,1468.7007520559998,4908.0,8,0,0,0,1.0
104,105,0,0.003108849,57,0,2157.741061905,8333.0,7,0,1,0,0.0
105,106,0,0.114830941,46,0,163.9737625,6250.0,6,0,0,0,3.0
106,107,0,0.018886792,80,0,34.99651674,10060.0,5,0,0,0,0.0
107,108,0,0.635415157,32,0,1558.4805059999999,3000.0,4,0,1,0,1.0
108,109,0,0.9999999,62,0,5522.335780118,8314.0,8,0,3,0,0.0
109,110,0,0.041257909,61,0,,6438.4734917733085,11,0,4,0,
110,111,0,0.096737158,47,0,77.990248,8000.0,2,0,0,0,2.0
111,112,0,0.31844615,58,0,5299.617370964,3833.0,26,0,4,0,0.0
112,113,0,0.186987534,52,0,83.97600750000001,3500.0,4,0,0,0,0.0
113,114,0,0.006541851,68,0,1080.89191,10000.0,10,0,2,0,1.0
114,115,0,0.180972181,39,1,1190.6155577749998,3097.0,7,0,1,0,3.0
115,116,0,0.00750765,74,0,,6438.4734917733085,4,0,0,0,0.0
116,117,0,0.06790706,46,0,1520.8508958,10200.0,6,0,2,0,0.0
117,118,0,0.033461782,44,0,5056.756637744001,4067.0,5,0,2,0,1.0
118,119,0,0.007520592,68,0,,6438.4734917733085,4,0,0,0,0.0
119,120,0,0.015271802,68,0,1003.87709488,8168.0,6,0,0,0,0.0
120,121,0,0.51712072,31,0,61.876247500000005,500.0,3,0,0,0,0.0
121,122,0,0.317975796,34,0,1340.7020639999998,4500.0,11,0,2,0,0.0
122,123,0,0.297594642,67,0,992.760490055,4145.0,13,0,0,0,0.0
123,124,0,0.444837661,58,0,5131.633458,14000.0,9,0,2,1,4.0
124,125,0,0.277956679,39,0,,6438.4734917733085,9,0,2,0,0.0
125,126,0,0.003722015,58,0,2044.36667628,3228.0,5,0,1,0,0.0
126,127,0,0.0,61,0,734.77734,3300.0,14,0,1,0,0.0
127,128,0,0.0,59,0,4194.781153947,19167.0,13,0,2,0,0.0
128,129,0,0.151912549,36,0,3196.7336040000005,12000.0,22,0,2,0,0.0
129,130,0,0.0,59,0,1582.648299,4500.0,12,0,1,0,0.0
130,131,0,0.175727593,43,1,,6438.4734917733085,4,0,1,0,0.0
131,132,0,0.011498563,77,0,1.998002,1000.0,1,0,0,0,0.0
132,133,0,0.0,48,0,2354.4825304,4550.0,7,0,2,0,0.0
133,134,0,0.163037489,81,0,237.913517058,2751.0,7,0,0,0,1.0
134,135,0,0.047311582,51,0,317.89908045,3150.0,5,0,0,0,0.0
135,136,0,0.083880003,53,0,1585.800354619,7943.0,8,0,1,0,0.0
136,137,0,0.089478348,56,0,2877.9340986,2700.0,11,0,1,0,2.0
137,138,0,0.773519223,63,0,4673.8707723669995,4139.0,12,0,1,0,1.0
138,139,0,0.093962275,55,0,1058.88795075,9450.0,6,0,2,0,0.0
139,140,0,0.21955042,54,0,1711.684017086,5417.0,20,0,2,0,1.0
140,141,0,0.147996253,55,0,2196.676909765,6799.0,5,0,1,0,0.0
141,142,0,0.576518559,72,0,,6438.4734917733085,11,0,1,0,0.0
142,143,0,0.243872021,53,0,4613.465974142,8639.0,22,0,2,0,3.0
143,144,0,0.362483818,27,0,,6438.4734917733085,4,0,0,0,0.0
144,145,0,0.116676791,31,0,1305.6564058,3800.0,7,0,1,0,0.0
145,146,0,0.9999999,38,0,2524.56630296,5821.0,7,0,1,0,4.0
146,147,0,0.496911825,40,0,5654.5476375,12500.0,11,0,2,0,2.0
147,148,0,0.130902106,48,1,1684.572119038,3937.0,17,0,1,0,0.0
148,149,0,0.54699881,50,0,2618.2519265,3500.0,9,0,2,0,3.0
149,150,0,0.072277109,34,0,53.974087764,2083.0,2,0,0,0,0.0
150,151,0,0.0,48,2,1112.629125,3000.0,14,0,1,0,5.0
151,152,0,0.175932019,57,1,2295.3441875000003,3500.0,9,0,1,0,1.0
152,153,0,0.050789842,30,0,1260.684828,4000.0,4,0,1,0,1.0
153,154,0,0.0,28,0,457.855383096,3166.0,7,0,0,0,0.0
154,155,0,0.21286031,36,0,5402.436249721,9583.0,10,0,2,0,1.0
155,156,0,0.012682366,60,0,2818.587018975,6825.0,20,0,2,0,0.0
156,157,0,0.121557062,58,0,4115.657028,12000.0,23,0,2,0,4.0
157,158,0,0.040795358,49,0,2486.1980005,3100.0,11,0,1,0,0.0
158,159,0,0.147712223,40,0,236.96514879999998,6800.0,6,0,0,0,3.0
159,160,0,0.0,63,0,,6438.4734917733085,4,0,0,0,
160,161,0,0.0,50,1,2526.273434661,3477.0,5,0,1,0,1.0
161,162,0,0.070771911,38,0,,6438.4734917733085,6,0,1,0,0.0
162,163,1,1.046279103,47,1,5980.895699984,5416.0,6,0,2,0,1.0
163,164,0,0.323719804,63,0,3143.389159982,5146.0,9,0,2,0,2.0
164,165,0,0.36459777,42,0,4107.406099524,6916.0,7,0,3,0,0.0
165,166,0,0.637736406,54,2,6341.61780375,1875.0,9,0,2,0,0.0
166,167,0,0.081379827,63,0,,6438.4734917733085,8,0,1,0,0.0
167,168,0,0.020966389,29,0,639.5,1.0,3,0,1,0,2.0
168,169,0,0.170103002,36,0,1070.861534892,7734.0,8,0,0,0,0.0
169,170,0,0.771845631,33,0,4262.14757,5000.0,7,0,3,0,0.0
170,171,0,0.05538241,72,0,400.9109085,4500.0,4,0,0,0,0.0
171,172,0,0.9999999,29,0,,6438.4734917733085,2,0,0,0,0.0
172,173,0,0.16653274,53,0,4080.456373194,7506.0,11,0,3,0,3.0
173,174,0,0.008632035,79,0,1533.6348467999999,4200.0,9,0,1,0,0.0
174,175,0,0.13527952,58,0,3233.65799358,9455.0,11,0,2,0,2.0
175,176,0,0.167571389,69,0,1653.6692650000002,5000.0,10,0,1,0,1.0
176,177,0,0.9999999,69,0,11.994680995,2255.0,0,1,0,0,3.0
177,178,0,0.068335151,75,0,109.98907194,10065.0,9,0,0,0,0.0
178,179,0,0.0,41,0,2178.0924624,2400.0,6,0,1,0,0.0
179,180,1,0.946963874,35,0,,6438.4734917733085,6,0,1,0,1.0
180,181,0,0.405183973,46,0,5142.3321642,7700.0,22,0,2,0,1.0
181,182,0,0.055549313,65,0,,6438.4734917733085,6,0,1,0,1.0
182,183,0,0.676195456,55,0,1733.56333319,3970.0,10,1,1,0,0.0
183,184,0,0.184986787,55,4,,6438.4734917733085,11,0,1,0,0.0
184,185,1,0.085338293,51,0,2960.5224936,6200.0,11,0,1,0,0.0
185,186,1,0.0,25,0,445.847103792,2916.0,3,0,0,1,0.0
186,187,1,0.786485406,44,0,1132.708291374,3883.0,7,2,0,2,1.0
187,188,0,0.0112096,86,0,,6438.4734917733085,3,0,0,0,0.0
188,189,0,0.03833451,56,0,2194.56109,5000.0,7,0,2,0,0.0
189,190,0,0.714980139,55,0,7063.529100000001,15000.0,12,0,2,0,3.0
190,191,0,0.043032042,64,0,2268.667986037,6833.0,14,0,2,0,0.0
191,192,0,1.095083357,53,5,1878.4632964999998,3500.0,7,1,1,2,0.0
192,193,0,0.0,49,0,,6438.4734917733085,11,0,1,0,0.0
193,194,0,0.9999999,55,0,507.84373899999997,3250.0,5,0,0,0,4.0
194,195,0,0.101430135,80,1,80.983805,5000.0,9,0,0,0,0.0
195,196,1,0.025892469,38,0,74.5,1.0,13,0,0,0,2.0
196,197,0,0.762158561,44,4,4713.775542,21000.0,5,0,1,0,3.0
197,198,0,0.231692268,40,0,394.88033970000004,3300.0,7,0,0,0,0.0
198,199,0,0.114869499,35,0,,6438.4734917733085,6,0,0,0,0.0
199,200,0,0.035489848,69,0,1048.6915629999999,3400.0,9,0,1,0,0.0
200,201,0,0.045423864,64,0,942.8186871999999,5200.0,4,0,1,0,0.0
201,202,0,0.311954668,61,0,2656.730716638,9866.0,12,0,2,0,2.0
202,203,0,0.078738916,46,0,797.8337856,4800.0,6,0,1,0,4.0
203,204,0,0.137609462,49,0,3123.570462624,7272.0,11,0,2,0,0.0
204,205,0,0.030173038,64,0,1564.82613,9000.0,8,0,1,0,0.0
205,206,0,0.021978375,40,0,4437.55624,10000.0,12,0,5,0,2.0
206,207,0,0.443696851,27,0,141.975657475,5833.0,4,0,0,0,0.0
207,208,0,0.007506793,60,0,,6438.4734917733085,8,0,1,0,1.0
208,209,0,0.046640328,92,1,90.96567284999999,2650.0,13,0,0,0,0.0
209,210,0,0.292365949,50,0,3676.57982125,8750.0,8,0,2,0,0.0
210,211,0,0.20808276,64,0,,6438.4734917733085,14,0,2,0,0.0
211,212,0,0.9999999,66,1,693.6418984950001,1937.0,4,1,0,0,0.0
212,213,0,0.013500824,53,0,3485.816532,19000.0,8,0,1,0,2.0
213,214,0,0.9999999,62,0,297.95034,6000.0,1,0,0,0,0.0
214,215,1,0.655316473,63,0,,6438.4734917733085,19,0,2,0,0.0
215,216,0,0.9999999,50,2,,6438.4734917733085,4,0,1,0,0.0
216,217,0,0.028113957,61,0,68.9686514,2200.0,12,0,0,0,0.0
217,218,0,0.222696207,42,0,800.0,1.0,3,0,1,0,2.0
218,219,0,0.593985244,63,0,1746.6673035,5250.0,4,0,2,0,0.0
219,220,0,0.017508178,73,1,564.8644113979999,4166.0,12,0,1,0,0.0
220,221,0,0.611865678,72,0,347.95422,7600.0,3,0,1,0,0.0
221,222,0,0.333060631,52,3,3651.2998454099998,5215.0,15,0,2,1,0.0
222,223,0,0.009025178,45,0,3077.623164645,8167.0,4,0,1,0,2.0
223,224,0,0.260271523,44,0,2066.703145448,6962.0,11,0,1,0,0.0
224,225,0,0.455950788,63,1,4211.298234078,6001.0,19,0,2,0,0.0
225,226,0,0.080288098,37,0,1934.677554,6000.0,7,0,1,0,0.0
226,227,1,1.953488372,38,0,545.846501396,3556.0,5,0,0,0,2.0
227,228,0,0.181557324,36,0,1121.4392799999998,2000.0,7,0,1,0,1.0
228,229,0,0.147123525,41,0,2790.5639744,6400.0,5,0,1,0,2.0
229,230,0,0.025601772,63,1,2627.73723,10000.0,8,0,1,0,0.0
230,231,0,0.0,76,0,18.997532424000003,7704.0,3,0,0,0,0.0
231,232,0,0.196372799,43,0,1397.4625131999999,2600.0,10,0,1,0,0.0
232,233,0,0.083945242,64,0,1705.4119262,2900.0,6,0,1,0,0.0
233,234,0,0.034833091,67,0,5944.539751292,12916.0,9,0,2,0,0.0
234,235,0,0.787522133,52,0,1562.6461397760002,4416.0,12,0,0,0,1.0
235,236,0,0.0,66,0,,6438.4734917733085,8,0,1,0,0.0
236,237,0,0.125429152,55,0,2383.523295,5000.0,3,0,2,0,0.0
237,238,0,0.06037487,42,0,3375.421325259,5833.0,17,0,2,0,2.0
238,239,0,0.9999999,28,0,,6438.4734917733085,0,0,0,0,
239,240,0,0.295928252,47,0,3972.71623,14000.0,6,0,2,0,1.0
240,241,1,0.973339258,61,1,1154.7900375,5500.0,11,0,0,1,1.0
241,242,0,0.002856735,73,0,2.9997135000000004,10500.0,10,0,0,0,0.0
242,243,0,0.877564897,58,0,,6438.4734917733085,10,0,2,0,0.0
243,244,0,0.9999999,68,0,242.959506,6000.0,0,0,0,0,0.0
244,245,0,0.053431552,41,0,1832.79636,9000.0,3,0,1,0,0.0
245,246,0,0.732660667,44,2,1291.859584,9200.0,15,0,1,0,0.0
246,247,0,0.084220458,42,0,3069.541451652,6694.0,26,0,2,0,4.0
247,248,0,0.114561798,40,0,3599.64004,10000.0,20,0,2,0,2.0
248,249,0,0.012151003,78,0,39.991113,4500.0,12,0,0,0,0.0
249,250,0,0.081310737,81,0,551.834434371,3333.0,4,0,0,0,0.0
250,251,0,0.09811305,49,0,1702.742984625,6625.0,9,0,2,0,0.0
251,252,1,1.048210842,58,7,531.8480440000001,3500.0,12,0,0,0,0.0
252,253,0,0.011883886,54,0,905.90708325,9750.0,8,0,1,0,2.0
253,254,0,0.75264947,33,1,417.941679254,7166.0,6,0,0,0,0.0
254,255,0,0.112321289,53,0,2268.7330875000002,8500.0,9,0,1,0,5.0
255,256,0,0.0,23,0,0.0,1725.0,1,0,0,0,0.0
256,257,0,0.634327056,49,1,1846.876875,15000.0,7,0,0,0,1.0
257,258,0,0.15576324,44,0,1341.72192065,4825.0,4,0,1,0,2.0
258,259,0,0.0,63,0,74.99201081400001,9387.0,9,0,0,0,0.0
259,260,0,0.090614887,42,0,,6438.4734917733085,5,0,0,0,0.0
260,261,0,0.034645112,65,0,1564.8748125,12500.0,4,0,1,0,1.0
261,262,0,0.027446383,54,0,,6438.4734917733085,6,0,1,0,0.0
262,263,0,0.412398622,28,0,185.962738465,4991.0,5,0,0,0,0.0
263,264,0,0.024670782,78,0,,6438.4734917733085,6,0,1,0,
264,265,0,0.046710961,66,0,2794.8820475,2500.0,12,0,1,0,0.0
265,266,0,0.976531824,32,0,1795.7359216,6800.0,6,0,0,0,2.0
266,267,0,0.007982621,43,1,2018.9903112769998,208333.0,11,0,1,0,1.0
267,268,0,0.267541336,59,0,3634.3623909,5700.0,13,0,2,0,1.0
268,269,0,0.019779326,76,0,774.7328511,2900.0,9,0,0,0,0.0
269,270,0,0.010402205,68,0,338.9058612,3600.0,6,0,1,0,0.0
270,271,0,0.9999999,61,0,680.4704508650001,1285.0,3,0,1,0,0.0
271,272,0,0.029816467,68,0,781.824861792,4464.0,12,0,1,0,1.0
272,273,0,0.181713732,57,0,1521.8695510559999,11666.0,17,0,1,0,1.0
273,274,0,0.051368557,68,0,2078.5547211479998,4668.0,10,0,1,0,2.0
274,275,0,0.29264536,57,0,5453.794079856,26484.0,11,0,2,0,3.0
275,276,1,0.220823719,46,1,1087.362251305,1705.0,5,0,0,0,0.0
276,277,0,0.008099838,69,0,3248.610105872,8332.0,3,0,1,0,0.0
277,278,0,0.0,44,0,2175.673617546,6666.0,4,0,2,0,1.0
278,279,0,0.006099797,28,0,522.86056875,3750.0,8,0,0,0,0.0
279,280,0,0.909538698,53,1,4467.4043475,7500.0,16,0,1,0,1.0
280,281,0,0.941072508,40,0,1577.82181711,8855.0,9,0,1,0,0.0
281,282,0,0.991667222,36,1,3002.4451231390003,5411.0,10,0,2,0,1.0
282,283,0,0.691488418,42,0,4431.7272837499995,16250.0,11,0,1,0,1.0
283,284,0,0.112855258,64,0,815.6924245079999,2652.0,6,0,1,0,0.0
284,285,0,0.260971034,57,0,,6438.4734917733085,16,0,3,0,
285,286,0,0.048244493,62,0,4367.737127095,16615.0,11,0,1,0,1.0
286,287,0,0.9999999,47,0,874.907839696,9493.0,2,2,0,1,0.0
287,288,0,0.9999999,62,0,0.0,5480.0,3,0,0,0,0.0
288,289,0,0.074256375,49,0,1739.65207,5000.0,11,0,2,0,3.0
289,290,0,0.144878408,66,0,2531.715538,8900.0,9,0,1,0,0.0
290,291,0,0.191001932,54,0,3585.294374186,5081.0,10,0,2,0,2.0
291,292,0,0.219382879,56,1,,6438.4734917733085,9,0,1,0,1.0
292,293,0,0.679813777,83,0,2907.3104112960004,4216.0,6,0,2,0,0.0
293,294,0,2340.0,45,0,2827.660664049,8333.0,7,0,2,0,2.0
294,295,0,0.371875401,29,0,1233.4637109999999,2300.0,9,0,1,0,3.0
295,296,0,0.025856408,67,0,1093.916205794,13054.0,13,0,1,0,0.0
296,297,0,0.547887778,29,1,671.753484,2725.0,5,0,0,1,0.0
297,298,0,0.271668778,46,1,4468.7171758,15800.0,14,0,2,0,4.0
298,299,0,0.085152475,25,0,0.0,0.0,5,0,0,0,0.0
299,300,0,0.897203427,68,0,3151.212196,4000.0,8,0,2,0,0.0
300,301,0,0.25889775,33,0,2633.4625611,4900.0,3,0,1,0,1.0
301,302,0,0.0,55,1,222.96011270000002,5590.0,8,0,0,0,0.0
302,303,0,0.035940506,46,0,1807.728815706,6666.0,10,0,1,0,3.0
303,304,0,0.9999999,66,0,540.9533676,11600.0,2,0,0,0,1.0
304,305,0,0.465238835,66,0,1241.6085724119998,3172.0,8,1,1,0,0.0
305,306,0,0.865423051,48,0,37.9241515,500.0,1,0,0,0,0.0
306,307,0,0.696411671,52,0,4497.591131,11000.0,11,0,1,0,4.0
307,308,0,0.544497658,32,1,1111.833235549,6667.0,5,1,0,0,0.0
308,309,0,0.081238383,51,0,517.9331665,7750.0,14,0,0,0,2.0
309,310,0,0.948762809,27,0,603.855051064,4166.0,5,0,0,0,0.0
310,311,0,0.0,32,2,3458.53638896,7460.0,10,0,1,1,0.0
311,312,0,0.016598893,30,0,204.863424,1500.0,5,0,0,0,0.0
312,313,0,0.063329564,37,0,2038.6700642249998,6179.0,6,0,1,0,3.0
313,314,0,0.093638481,49,0,356.957162809,8333.0,10,0,0,0,1.0
314,315,0,0.0,37,0,1453.8159702,7900.0,5,0,1,0,5.0
315,316,0,0.730271957,36,1,3480.3672035,5500.0,10,0,2,0,0.0
316,317,0,0.426371142,62,1,1488.59394567,3666.0,15,0,1,0,0.0
317,318,0,0.948978489,57,0,349.956256,8000.0,3,0,0,0,1.0
318,319,0,0.0,59,0,0.0,4200.0,7,0,0,0,1.0
319,320,0,1.00264667,38,2,1677.5274583,3550.0,8,1,0,1,4.0
320,321,0,0.0164781,92,0,,6438.4734917733085,3,0,0,0,0.0
321,322,0,0.042606843,58,0,,6438.4734917733085,13,0,3,0,0.0
322,323,0,0.022890604,37,0,1759.7115239000002,6100.0,16,0,1,0,0.0
323,324,0,0.283821988,63,0,933.2497989320001,1244.0,9,0,0,0,0.0
324,325,0,0.319779462,32,0,15591.7526625,12500.0,12,0,8,0,0.0
325,326,0,0.155240525,52,0,3358.51647949,6946.0,15,0,2,0,1.0
326,327,0,0.013115183,43,0,0.0,0.0,21,0,2,0,2.0
327,328,0,0.067259209,29,1,351.83165963,2090.0,3,0,0,0,0.0
328,329,0,0.284236153,45,1,2391.6811125,7500.0,9,0,1,0,2.0
329,330,0,0.727560021,38,0,1726.2875415580002,2423.0,6,0,1,0,1.0
330,331,0,0.687779097,62,0,1768.75053149,7090.0,15,0,0,0,0.0
331,332,0,0.9999999,29,0,,6438.4734917733085,0,0,0,0,0.0
332,333,0,0.033708851,41,0,2656.5912945,6500.0,9,0,1,0,2.0
333,334,0,0.0,29,0,581.806065,3000.0,7,0,0,0,0.0
334,335,1,0.03719769,47,0,993.96025,25000.0,11,0,1,0,3.0
335,336,0,0.0,55,1,1708.6116784,4400.0,4,0,2,0,1.0
336,337,0,0.053589282,87,0,7.9984675030000005,5213.0,4,0,0,0,0.0
337,338,0,0.100773109,41,0,1843.80024179,9230.0,7,0,1,0,0.0
338,339,0,0.0,61,0,1273.605032601,913.0,11,0,2,0,0.0
339,340,0,0.399946674,28,0,758.8102960000001,4000.0,6,0,0,0,1.0
340,341,0,0.052653171,43,0,1135.427706944,1984.0,9,0,0,0,4.0
341,342,0,0.072318616,71,0,1833.5735866,4300.0,8,0,2,0,1.0
342,343,0,0.203959597,46,0,1173.9270886,16100.0,6,0,1,0,2.0
343,344,0,0.9999999,30,0,505.9096616,5600.0,1,0,0,0,0.0
344,345,1,0.880370887,43,0,3470.538676572,7523.0,6,0,1,0,1.0
345,346,0,0.429246267,59,0,6072.618745248,15928.0,17,0,1,0,1.0
346,347,0,0.0,47,0,,6438.4734917733085,2,0,1,0,1.0
347,348,0,0.049529205,61,0,,6438.4734917733085,15,0,0,0,0.0
348,349,0,0.360907571,72,0,1318.643320342,3697.0,6,0,1,0,0.0
349,350,0,0.335737457,50,0,2639.54277919,5773.0,9,0,1,0,1.0
350,351,1,0.635720859,68,1,5451.781925,25000.0,27,0,3,0,0.0
351,352,0,0.0,58,0,,6438.4734917733085,20,0,5,0,0.0
352,353,0,0.507972665,69,2,581.806065,3000.0,10,2,0,2,0.0
353,354,0,0.245841666,71,0,,6438.4734917733085,5,0,0,0,0.0
354,355,1,0.953343701,48,2,,6438.4734917733085,5,1,2,2,0.0
355,356,0,0.9999999,37,0,830.8153755000001,4500.0,2,0,0,0,1.0
356,357,0,0.118853837,50,0,,6438.4734917733085,7,0,1,0,2.0
357,358,0,0.630073985,38,0,1062.4366721239999,1886.0,3,0,1,0,0.0
358,359,0,0.9999999,35,0,,6438.4734917733085,1,0,1,0,0.0
359,360,0,0.028423247,59,0,486.96601508,14330.0,12,0,1,0,0.0
360,361,0,0.143427862,67,0,676.880536626,5666.0,9,0,0,0,0.0
361,362,0,0.186682782,30,0,1745.30188,2500.0,7,0,2,0,2.0
362,363,0,0.496388581,56,0,3331.82983848,19580.0,12,0,1,0,1.0
363,364,0,0.457526639,51,0,2668.666416,8000.0,16,0,2,0,2.0
364,365,0,0.728218119,40,1,,6438.4734917733085,10,0,2,0,0.0
365,366,0,0.947264856,28,0,554.532828079,1187.0,4,0,0,0,0.0
366,367,0,0.013916922,54,0,82.9823446,4700.0,7,0,0,0,2.0
367,368,0,0.066347297,46,1,,6438.4734917733085,6,0,2,0,0.0
368,369,0,0.502958087,57,0,,6438.4734917733085,5,0,2,0,0.0
369,370,0,1.047495906,35,2,1217.685435036,3871.0,8,0,2,1,3.0
370,371,0,0.012586354,79,0,23.990405,2500.0,11,0,0,0,0.0
371,372,0,0.543445655,46,0,1335.732855,5000.0,6,0,2,0,3.0
372,373,0,0.026580302,79,0,,6438.4734917733085,7,0,1,0,0.0
373,374,0,0.082317351,64,0,1851.78556998,8636.0,29,0,1,0,1.0
374,375,0,0.292541492,74,0,329.835082,2000.0,3,0,0,0,0.0
375,376,0,0.024240472,64,0,1065.898491,10500.0,20,0,1,0,0.0
376,377,0,0.047650102,63,0,3491.612046,9000.0,6,0,2,0,0.0
377,378,1,0.739146488,63,1,1753.7148427500001,6150.0,12,0,0,0,1.0
378,379,0,0.186890655,54,0,2386.34441136,3640.0,7,0,1,0,1.0
379,380,0,0.007501937,63,0,2239.72177135,8050.0,13,0,2,0,3.0
380,381,0,0.522314625,45,0,4205.709772172,14491.0,13,0,1,0,3.0
381,382,0,0.9999999,22,0,,6438.4734917733085,0,0,0,0,
382,383,0,0.571604587,66,0,,6438.4734917733085,12,0,0,0,
383,384,0,0.903231566,57,0,683.8691906,5228.0,10,0,0,0,0.0
384,385,0,0.017043518,43,0,248.891786,2300.0,6,0,0,0,1.0
385,386,0,0.060733396,61,0,170.99146,20000.0,8,0,0,0,0.0
386,387,0,0.000582648,54,0,,6438.4734917733085,13,0,1,0,1.0
387,388,0,0.003894686,90,0,,6438.4734917733085,11,0,1,0,0.0
388,389,0,0.250008365,60,0,15752.913520600001,7550.0,26,0,0,0,0.0
389,390,0,0.466334165,34,2,23.992503315,3201.0,3,0,0,0,0.0
390,391,0,0.114588541,38,0,,6438.4734917733085,2,0,0,0,0.0
391,392,0,0.9999999,60,0,0.0,4200.0,0,0,0,0,0.0
392,393,0,0.267905614,76,0,2340.7145508000003,8200.0,12,0,0,0,0.0
393,394,0,0.029694361,76,0,676.9294848,9600.0,7,0,0,0,2.0
394,395,0,0.305246317,39,0,1911.81172179,10154.0,6,0,1,0,2.0
395,396,0,0.000685675,83,0,,6438.4734917733085,4,0,0,0,0.0
396,397,0,0.702493864,63,0,2734.417835534,4697.0,8,0,2,0,1.0
397,398,0,0.742436041,52,0,4016.5859231,9700.0,10,0,2,0,0.0
398,399,1,0.802417179,58,1,,6438.4734917733085,5,1,0,0,0.0
399,400,0,0.9999999,42,1,708.8865812500001,6250.0,3,3,0,1,2.0
400,401,0,0.134191514,63,0,926.5,1.0,9,0,1,0,0.0
401,402,0,0.002556199,58,0,897.884175264,7752.0,17,0,0,0,2.0
402,403,0,0.088845558,62,0,397.926227334,5394.0,5,0,0,0,0.0
403,404,0,0.203947961,46,1,6997.793484399999,5800.0,12,1,4,0,2.0
404,405,0,0.006666097,27,0,1.999733828,7444.0,5,0,0,0,0.0
405,406,0,0.014049649,27,0,1311.64778486,3724.0,4,0,1,0,1.0
406,407,0,0.9999999,35,1,284.907014352,3064.0,1,0,0,0,3.0
407,408,0,0.368866624,55,0,4248.5620051,9700.0,18,0,2,0,0.0
408,409,0,0.054553316,73,0,720.95674391,16666.0,13,0,0,0,0.0
409,410,0,0.179487766,51,0,5010.507466194,10173.0,19,0,4,0,0.0
410,411,0,0.026885902,36,0,3862.6551151999997,11200.0,6,0,2,0,2.0
411,412,0,0.265705207,56,0,8204.740904975999,31666.0,8,0,3,0,1.0
412,413,0,0.0,59,0,,6438.4734917733085,13,0,2,0,
413,414,0,0.011847989,49,0,,6438.4734917733085,12,0,1,0,0.0
414,415,0,0.07083751,64,0,1531.7447100000002,6000.0,6,0,0,0,1.0
415,416,0,0.030996074,56,0,630.8685696,4800.0,11,0,1,0,0.0
416,417,0,0.144914011,37,0,303.9546321,6700.0,5,0,0,0,0.0
417,418,0,0.353017659,48,0,5414.700263486,4166.0,17,0,1,0,1.0
418,419,0,0.020074662,36,0,1587.6657545,4750.0,5,0,1,0,0.0
419,420,0,0.032769199,70,0,,6438.4734917733085,11,0,1,0,0.0
420,421,1,0.733885463,49,2,3243.630775525,8785.0,20,0,2,0,2.0
421,422,0,0.063514422,57,0,2221.5,1.0,12,0,2,0,0.0
422,423,0,0.03157211,39,0,2514.3552954,3900.0,14,0,1,0,1.0
423,424,1,0.991502124,61,10,3893.7021,3000.0,11,2,3,5,1.0
424,425,0,0.397702982,38,0,2393.5837225,5750.0,6,0,1,0,2.0
425,426,0,0.971352432,24,0,42.9641964,1200.0,3,0,0,0,0.0
426,427,0,0.9999999,33,0,,6438.4734917733085,3,0,1,0,0.0
427,428,0,0.0,73,0,1759.6132736000002,4550.0,18,0,0,0,0.0
428,429,0,0.9999999,79,0,673.8698598120001,5178.0,6,0,1,0,0.0
429,430,0,0.003851709,81,0,2.999177664,3648.0,1,0,0,0,1.0
430,431,0,0.010887967,55,0,1450.2748620000002,2000.0,7,0,2,0,0.0
431,432,0,0.686083014,57,0,1874.83929864,11667.0,6,1,1,0,2.0
432,433,0,0.212464485,58,0,1707.48100852,3290.0,10,0,1,0,1.0
433,434,0,0.006956358,52,0,7.996722471,2439.0,4,0,0,0,0.0
434,435,0,0.073251754,51,0,4578.553312,10250.0,9,0,1,0,2.0
435,436,0,0.431904058,63,0,3439.58095008,8208.0,22,1,2,0,0.0
436,437,0,0.006999563,97,0,,6438.4734917733085,2,0,0,0,
437,438,0,0.014310431,56,0,,6438.4734917733085,2,0,0,0,0.0
438,439,0,0.026944485,41,0,3147.313264925,4583.0,8,0,3,0,0.0
439,440,0,0.297094601,43,1,2213.396235804,3666.0,9,0,1,0,2.0
440,441,0,0.316064767,56,0,,6438.4734917733085,3,0,1,0,0.0
441,442,0,0.0,59,0,,6438.4734917733085,2,0,1,0,0.0
442,443,0,0.922670104,40,0,1941.792214005,9345.0,7,0,0,0,0.0
443,444,0,0.051077957,74,0,1046.693591496,3416.0,9,0,1,0,0.0
444,445,0,0.319190816,49,0,3366.6418472,9400.0,18,0,2,0,0.0
445,446,0,0.008737352,68,0,1259.790036,6000.0,28,0,1,0,0.0
446,447,0,0.0,57,0,5326.214771199,6783.0,8,0,3,0,0.0
447,448,0,0.243674266,48,0,1601.8200242,8900.0,10,0,1,0,6.0
448,449,0,0.9999999,40,1,734.80829307,3833.0,3,2,0,0,2.0
449,450,0,0.0,23,0,0.0,3500.0,1,0,0,0,1.0
450,451,0,0.028910707,52,0,72.986455011,5389.0,7,0,0,0,2.0
451,452,0,0.03423863,48,0,,6438.4734917733085,3,0,1,0,0.0
452,453,0,0.50329934,55,0,1437.545943688,3166.0,5,0,2,0,0.0
453,454,0,0.799981673,61,3,3398.328924768,5064.0,19,0,3,1,0.0
454,455,0,0.069987933,33,0,428.885993646,3762.0,7,0,0,0,0.0
455,456,0,0.067901335,69,0,654.9345099999999,10000.0,5,0,1,0,0.0
456,457,0,0.740635161,39,0,2404.567988394,5566.0,7,0,1,0,0.0
457,458,0,0.023382944,84,0,41.99087,4600.0,6,0,0,0,0.0
458,459,0,0.9999999,32,2,196.90441608,2060.0,1,0,0,0,0.0
459,460,0,0.003625197,78,0,,6438.4734917733085,8,0,1,0,
460,461,0,0.092287617,61,0,1720.7705624999999,7500.0,23,0,2,0,2.0
461,462,0,0.0,37,0,1280.822992092,7236.0,5,0,1,0,3.0
462,463,0,0.9999999,33,1,1395.7422926880001,5416.0,2,2,1,0,1.0
463,464,0,0.057867667,81,0,573.854313981,3939.0,13,0,0,0,0.0
464,465,0,0.07807727,60,0,2217.433896052,3917.0,14,0,1,0,2.0
465,466,0,0.201943642,46,0,3944.60554,10000.0,15,0,2,0,3.0
466,467,0,0.077958915,57,0,347.946469,6500.0,19,0,0,0,0.0
467,468,0,0.205676486,57,0,1085.8696884750002,8333.0,8,0,1,0,0.0
468,469,1,0.9999999,32,0,22.993270216,3416.0,1,0,0,0,3.0
469,470,1,0.57985084,42,0,1604.4057747,2700.0,8,0,0,0,0.0
470,471,0,0.073393457,38,1,3847.61524,10000.0,9,0,2,0,0.0
471,472,0,0.079178219,82,0,884.823035,5000.0,3,0,1,0,0.0
472,473,0,0.073123172,33,0,1144.78359264,5290.0,9,0,0,0,0.0
473,474,0,0.745173448,68,0,829.831233264,4917.0,4,0,1,0,0.0
474,475,0,0.10088331,52,1,1542.719508,5500.0,6,1,1,0,2.0
475,476,0,0.347665233,46,0,103.95841750000001,2500.0,1,0,0,0,1.0
476,477,0,0.102031508,66,0,,6438.4734917733085,4,0,0,0,0.0
477,478,0,0.354125994,57,0,2419.44123963,4330.0,4,0,1,0,0.0
478,479,0,0.029643294,50,0,3751.6008932,9400.0,15,3,4,0,0.0
479,480,0,0.540204354,34,0,257.965605,7500.0,3,1,0,0,0.0
480,481,0,0.640927271,53,4,5904.47590072,11266.0,17,0,2,0,3.0
481,482,0,0.058271403,76,0,1613.625695037,4311.0,7,0,1,0,0.0
482,483,0,0.719305764,64,0,1159.8137717040001,6228.0,5,0,1,0,0.0
483,484,0,0.045017363,72,0,80.97923730000001,3900.0,8,0,0,0,0.0
484,485,0,0.35592819,48,0,3665.521910589,7667.0,17,0,2,0,0.0
485,486,0,0.57762185,71,1,3151.5075,6399.0,14,0,2,0,1.0
486,487,0,0.015054291,59,0,,6438.4734917733085,11,0,1,0,2.0
487,488,0,0.320593837,53,0,6241.8853784,5600.0,14,0,1,0,1.0
488,489,0,0.047587303,34,0,,6438.4734917733085,4,0,0,0,
489,490,0,0.173428408,51,1,452.91373050000004,5250.0,11,0,0,0,0.0
490,491,0,0.401789055,55,0,1052.5872201,2550.0,11,0,0,0,0.0
491,492,0,0.301152442,46,0,1952.7453405,7668.0,10,0,1,0,3.0
492,493,0,0.0,27,2,518.770861272,2264.0,5,2,0,1,0.0
493,494,0,0.067512585,43,0,4076.55276745,9115.0,4,0,2,0,0.0
494,495,0,0.0,75,0,337.79402752,1640.0,4,0,0,0,1.0
495,496,0,0.993335555,31,0,305.93177369999995,4484.0,6,0,0,0,1.0
496,497,0,0.138793584,43,0,4480.615928506,11666.0,9,0,5,0,0.0
497,498,0,0.193584801,51,0,2024.4672444000003,3800.0,13,0,2,0,0.0
498,499,0,0.001124859,28,1,347.94201,6000.0,8,1,0,0,0.0
499,500,0,0.485558448,51,0,655.90036484,6583.0,5,0,0,0,0.0
500,501,0,0.979521555,55,1,3477.532149561,7433.0,11,0,2,2,0.0
501,502,0,0.090641506,69,0,66.983317005,4015.0,2,0,0,0,0.0
502,503,0,0.38480769,42,0,3953.4669005759997,7416.0,5,0,1,0,3.0
503,504,0,0.183676155,33,0,1649.3394722310002,2497.0,9,0,1,0,0.0
504,505,0,0.018124667,60,0,28.97681875,1250.0,4,0,0,0,1.0
505,506,1,0.9999999,54,0,541.771598152,2372.0,2,0,0,1,0.0
506,507,0,0.290320472,48,0,2101.737149728,7996.0,7,0,1,0,3.0
507,508,0,0.052161271,49,0,472.932373221,6993.0,5,0,0,0,1.0
508,509,0,0.9999999,73,0,0.0,0.0,2,0,0,0,0.0
509,510,0,0.9999999,91,0,,6438.4734917733085,3,0,0,0,
510,511,0,0.412657703,66,1,799.8049252,4100.0,7,1,0,0,0.0
511,512,0,0.091201293,49,1,2844.4311150000003,5000.0,15,0,2,0,0.0
512,513,0,0.500234532,46,0,1306.7219744000001,4700.0,10,0,1,0,1.0
513,514,1,0.913140498,37,2,6481.379656,4000.0,16,0,3,0,1.0
514,515,0,0.056390008,54,0,,6438.4734917733085,8,0,1,0,0.0
515,516,0,0.611388611,22,0,277.6529336,800.0,4,0,0,0,0.0
516,517,0,0.065630892,31,0,853.837362,5250.0,10,0,0,0,0.0
517,518,0,0.499666889,39,0,1440.5498272,3200.0,8,0,1,0,0.0
518,519,0,0.9999999,56,0,,6438.4734917733085,1,0,0,0,0.0
519,520,0,0.289470539,44,0,4302.5174424,8916.0,17,0,2,0,1.0
520,521,1,0.814154511,50,1,1069.7028588,3600.0,8,0,1,1,1.0
521,522,0,0.016406971,55,0,9.998212686,5599.0,3,0,0,0,2.0
522,523,0,0.078497383,52,0,1703.79272388,8220.0,5,0,1,0,3.0
523,524,0,0.029692431,58,2,1781.712813408,6204.0,19,0,1,0,0.0
524,525,0,0.01255887,62,0,331.955236728,7416.0,5,0,0,0,0.0
525,526,0,0.062093267,42,0,1918.769737807,8333.0,6,0,1,0,4.0
526,527,0,0.074201053,47,0,,6438.4734917733085,4,0,1,0,
527,528,0,0.551889862,42,1,2846.2093848,3600.0,18,0,2,0,1.0
528,529,1,0.640058527,39,0,550.944015596,9841.0,9,0,0,0,2.0
529,530,0,0.581815774,45,0,5798.275216,8000.0,11,0,2,0,0.0
530,531,0,0.0,82,0,,6438.4734917733085,3,0,0,0,0.0
531,532,0,0.0,64,0,,6438.4734917733085,3,0,2,0,
532,533,0,0.312068793,55,1,160.872927918,1266.0,5,0,0,0,0.0
533,534,0,0.266371179,58,0,6430.5015081,12900.0,12,0,1,0,2.0
534,535,0,0.040186458,35,0,1684.6991616,5600.0,8,0,2,0,1.0
535,536,0,0.749602291,62,0,,6438.4734917733085,7,0,2,0,3.0
536,537,1,0.955545894,52,1,5501.475046320001,10480.0,11,0,3,0,1.0
537,538,0,0.086635409,40,0,0.0,0.0,8,0,1,0,1.0
538,539,0,0.212768452,57,0,,6438.4734917733085,17,0,2,0,0.0
539,540,0,0.9543957,45,2,4278.515787599999,8836.0,10,0,1,0,1.0
540,541,0,0.188256123,27,0,3439.1181747,3900.0,6,0,1,0,1.0
541,542,0,1.245847176,24,1,,6438.4734917733085,4,1,0,0,
542,543,0,0.014049887,37,0,4127.32560096,6120.0,9,0,1,0,0.0
543,544,0,0.329609837,36,0,1574.5622580269999,3597.0,16,0,2,0,2.0
544,545,0,0.484099985,40,0,4568.57674497,10794.0,9,0,2,0,2.0
545,546,0,0.0,86,0,,6438.4734917733085,9,0,0,0,0.0
546,547,0,0.035113768,56,0,,6438.4734917733085,11,0,0,0,0.0
547,548,0,0.084826988,59,0,1929.46581744,3612.0,9,0,2,0,0.0
548,549,0,0.9999999,40,0,4364.393832,7200.0,6,0,3,0,0.0
549,550,0,0.152250785,49,0,276.969222,9000.0,3,0,0,0,0.0
550,551,0,0.2128856,66,0,1794.6481086,5100.0,10,0,1,0,0.0
551,552,0,0.9999999,63,3,1047.799156995,5217.0,5,0,1,1,4.0
552,553,0,0.9999999,45,0,,6438.4734917733085,2,0,0,0,0.0
553,554,0,0.0,30,0,0.0,4700.0,1,0,0,0,1.0
554,555,0,0.576284725,36,0,2356.214595,3000.0,10,0,1,0,1.0
555,556,0,0.408215982,39,0,,6438.4734917733085,4,0,0,0,2.0
556,557,0,0.0,27,0,0.0,4500.0,5,0,0,0,0.0
557,558,0,0.10680013,44,3,4484.252622,6000.0,8,0,3,0,2.0
558,559,0,0.004552998,34,0,,6438.4734917733085,2,0,0,0,0.0
559,560,0,0.277436128,59,0,1406.61143228,3620.0,8,0,1,0,1.0
560,561,0,0.285342534,38,0,290.91049,3250.0,4,0,0,0,3.0
561,562,0,0.162077194,38,0,1741.97513,70000.0,6,0,1,0,2.0
562,563,0,0.57073821,39,0,,6438.4734917733085,5,2,2,0,0.0
563,564,0,0.622524722,43,0,3621.646113288,10234.0,8,0,1,0,0.0
564,565,0,0.113165062,57,0,,6438.4734917733085,16,0,1,0,3.0
565,566,0,0.0,75,0,422.47256822099996,801.0,4,0,1,0,0.0
566,567,0,0.732711215,29,0,2843.6614667999997,8400.0,10,0,1,0,0.0
567,568,0,0.486651335,55,0,2922.675255,9000.0,10,0,2,0,0.0
568,569,0,0.584844623,60,0,1762.706362725,6003.0,11,0,1,0,0.0
569,570,0,0.875440658,37,0,628.562282612,1436.0,5,0,0,0,1.0
570,571,0,0.043861767,69,0,442.93588262,6908.0,7,0,1,0,0.0
571,572,0,0.03929607,48,0,3564.51960676,7420.0,10,0,2,0,0.0
572,573,1,0.339503567,89,1,1373.4506199999998,2500.0,9,3,0,1,0.0
573,574,0,0.064835195,56,2,1613.8023774419999,8166.0,10,0,1,0,0.0
574,575,0,0.008684579,75,0,10.9986741,8289.0,5,0,0,0,0.0
575,576,0,0.9999999,55,1,574.861278544,4144.0,1,0,0,0,0.0
576,577,0,0.503587987,63,0,5235.691076,4000.0,16,0,1,0,0.0
577,578,0,0.000309046,49,0,,6438.4734917733085,10,0,1,0,
578,579,0,0.697812691,31,0,2843.763024,12000.0,10,0,0,0,1.0
579,580,0,0.650432993,61,0,3680.6319399999998,10000.0,10,0,1,0,1.0
580,581,0,0.30248201,46,0,2749.6519432,7900.0,12,0,1,0,2.0
581,582,0,0.9999999,40,0,445.81424400000003,2400.0,1,2,0,0,0.0
582,583,0,0.159116246,91,0,333.81587649200003,1813.0,6,0,0,0,0.0
583,584,0,0.768537191,46,0,,6438.4734917733085,5,0,0,0,0.0
584,585,0,0.155644438,56,0,673.663168,2000.0,5,0,1,0,0.0
585,586,0,0.836294011,29,3,1131.7398305999998,4350.0,8,0,1,0,1.0
586,587,0,0.293041811,45,0,1411.6260594500002,3775.0,5,0,1,0,3.0
587,588,0,0.9999999,49,1,474.90106080000004,4800.0,1,0,0,0,4.0
588,589,0,0.271898248,64,0,,6438.4734917733085,3,0,1,0,
589,590,0,0.0,51,0,2380.76192,10000.0,6,0,1,0,0.0
590,591,0,0.291956248,45,0,,6438.4734917733085,5,0,0,0,
591,592,0,0.106531463,78,0,135.97569903000002,5595.0,9,0,0,0,0.0
592,593,0,0.250818316,36,0,1400.759858672,5833.0,6,0,2,0,1.0
593,594,0,0.181579946,54,0,2140.6460544,6048.0,9,0,1,0,1.0
594,595,0,0.002964536,67,0,5863.6509792,16800.0,14,0,5,0,0.0
595,596,0,0.048911121,63,0,645.897200212,6283.0,4,0,0,0,1.0
596,597,1,0.517045364,61,0,4294.427407499999,7500.0,20,0,2,0,0.0
597,598,0,0.024100447,86,0,23.989208841,2223.0,6,0,0,0,0.0
598,599,0,0.122976319,50,0,1493.545895127,3289.0,6,0,1,0,1.0
599,600,1,0.387065977,51,0,2046.6491269379999,5833.0,12,0,1,2,1.0
600,601,0,0.021741679,70,0,938.81224,5000.0,11,0,1,0,0.0
601,602,0,0.269257489,44,0,911.3924055,1500.0,7,0,0,0,3.0
602,603,0,0.996301651,39,2,3345.6938981599997,10930.0,17,0,0,0,1.0
603,604,0,0.019153961,49,0,6700.798958007,33333.0,6,0,3,0,4.0
604,605,0,0.008665511,58,0,12406.091373000001,6500.0,17,0,5,0,0.0
605,606,0,0.155742213,39,0,0.0,0.0,13,0,0,0,2.0
606,607,0,0.733914381,33,0,688.841023486,4333.0,7,1,0,0,1.0
607,608,0,0.210442588,53,0,2963.48639615,5770.0,10,0,2,0,1.0
608,609,0,0.095634788,36,0,393.824733288,2247.0,4,0,0,0,1.0
609,610,0,0.124801376,62,0,3732.433104888,6584.0,15,0,2,0,0.0
610,611,0,0.016995185,62,0,11.997695644,5212.0,4,0,0,0,0.0
611,612,0,0.964038058,29,1,579.7364826,2200.0,6,0,0,0,0.0
612,613,0,0.211206477,44,1,444.78616,2080.0,13,1,0,1,0.0
613,614,0,0.184476515,32,0,3188.5550471340002,7166.0,11,0,2,0,0.0
614,615,0,0.0,52,0,1555.555554,3500.0,5,0,2,0,1.0
615,616,0,0.086605363,69,0,,6438.4734917733085,2,0,0,0,
616,617,0,0.069069784,71,0,,6438.4734917733085,3,0,1,0,
617,618,0,0.187090597,63,0,2027.493128,4000.0,10,0,2,0,1.0
618,619,0,0.732202177,44,0,3338.741420736,12912.0,26,0,0,0,0.0
619,620,0,0.392141112,54,0,5324.6169823,3850.0,18,0,2,0,2.0
620,621,0,0.063688754,41,0,1778.73312552,6665.0,8,0,0,0,1.0
621,622,0,0.616982372,32,1,1197.80835,6250.0,10,0,0,0,2.0
622,623,0,0.288541381,87,1,971.4285707,1700.0,23,0,0,0,0.0
623,624,0,0.221106801,43,0,1152.842789673,7333.0,5,0,1,0,0.0
624,625,0,0.193612774,47,0,117.97985404799999,5856.0,1,0,0,0,3.0
625,626,0,0.014441183,75,0,2339.8542890490003,16059.0,8,0,1,0,0.0
626,627,0,0.531963331,64,2,8881.519923,18500.0,19,0,3,0,1.0
627,628,0,0.346960384,41,0,2435.5673134999997,1700.0,13,0,3,0,2.0
628,629,0,0.024305835,30,0,,6438.4734917733085,6,0,1,0,0.0
629,630,0,0.9999999,40,0,0.0,0.0,2,0,2,0,0.0
630,631,0,0.0,56,0,0.0,6200.0,2,0,0,0,0.0
631,632,0,0.65854007,55,0,2713.510283064,5541.0,6,0,1,0,0.0
632,633,0,0.104693763,36,0,1278.7026272,4300.0,8,0,1,0,1.0
633,634,0,0.046740048,57,0,4823.595203256,11916.0,13,0,3,0,0.0
634,635,0,0.057887851,56,0,1047.7618712,4400.0,13,0,1,0,1.0
635,636,0,0.883182488,49,0,826.8162615,4500.0,18,0,0,0,2.0
636,637,0,0.005326455,53,0,0.0,0.0,4,0,0,0,0.0
637,638,0,0.088809584,51,0,2104.7045172410003,7123.0,12,0,1,0,0.0
638,639,0,0.021319787,64,0,571.75503192,2334.0,13,0,1,0,0.0
639,640,0,0.281880372,28,0,434.820025216,2416.0,7,0,0,0,0.0
640,641,0,0.063062463,54,0,,6438.4734917733085,5,0,2,0,0.0
641,642,0,0.0,53,0,,6438.4734917733085,5,0,1,0,0.0
642,643,1,0.402345742,37,0,4276.6623834520005,12667.0,16,0,2,0,3.0
643,644,0,0.143316879,70,3,,6438.4734917733085,16,0,5,1,0.0
644,645,0,0.334295645,48,0,,6438.4734917733085,13,0,2,0,0.0
645,646,0,0.010350125,52,0,985.741412856,3812.0,6,0,1,0,1.0
646,647,0,0.336596148,36,0,94.91962725,1181.0,2,0,0,0,0.0
647,648,0,0.044842922,51,0,2643.76641372,11318.0,5,0,1,0,2.0
648,649,0,0.007712359,69,0,469.843386,3000.0,6,0,0,0,0.0
649,650,0,1.011332794,52,0,4320.1995,400.0,8,0,1,0,2.0
650,651,0,0.066778859,67,0,,6438.4734917733085,7,0,0,0,
651,652,0,0.0,36,0,2839.629577882,7666.0,4,0,1,0,2.0
652,653,0,0.0,49,0,996.377264,1600.0,10,0,1,0,1.0
653,654,1,0.314685703,51,3,2722.839689152,16984.0,13,0,2,1,4.0
654,655,1,0.149314411,36,0,2512.4416785000003,4500.0,9,0,3,0,0.0
655,656,0,0.0,33,0,676.761786366,2841.0,9,0,0,0,0.0
656,657,0,0.037849716,62,0,1423.837110167,8741.0,15,0,1,0,0.0
657,658,0,0.281115558,69,0,729.8378145,4500.0,10,0,0,0,1.0
658,659,0,0.005196165,70,0,,6438.4734917733085,9,0,2,0,0.0
659,660,0,0.133688867,49,0,448.90647839999997,4800.0,7,0,0,0,2.0
660,661,0,0.321457844,46,2,,6438.4734917733085,6,0,1,1,0.0
661,662,0,0.0,65,0,2775.583620546,6666.0,10,0,1,0,0.0
662,663,0,0.827151013,56,1,1913.7800292,8700.0,8,0,0,1,1.0
663,664,0,0.442798278,51,0,,6438.4734917733085,11,0,0,0,2.0
664,665,0,0.025082109,57,0,1082.639121,3000.0,15,0,0,0,0.0
665,666,0,0.578849363,48,0,2430.632446162,6613.0,10,0,1,0,1.0
666,667,0,0.020703507,47,0,2193.3548954,3400.0,6,0,1,0,2.0
667,668,1,1.248751249,33,0,472.8248802,2700.0,3,2,0,0,0.0
668,669,0,0.9999999,75,0,,6438.4734917733085,2,0,0,0,0.0
669,670,0,0.569824212,40,0,3975.638579,11000.0,18,0,1,0,2.0
670,671,0,0.914867126,40,0,2533.4829611,4900.0,7,0,1,0,1.0
671,672,0,0.0382584,68,0,58.99017,6000.0,12,0,0,0,0.0
672,673,0,0.964561473,35,4,1345.6941608,4400.0,10,3,0,2,2.0
673,674,0,0.02731285,65,0,677.674665119,2083.0,6,0,0,0,0.0
674,675,0,0.035605591,81,0,122.982736875,7125.0,7,0,0,0,0.0
675,676,0,0.004595129,52,0,2801.60904096,7166.0,7,0,1,0,0.0
676,677,0,0.042534081,69,0,62.99031049999999,6500.0,4,0,0,0,1.0
677,678,0,0.12136536,34,0,,6438.4734917733085,5,0,2,0,0.0
678,679,0,0.180162143,40,0,4259.551672668,9501.0,15,0,2,0,1.0
679,680,0,0.054940099,35,0,3862.3378482010003,5833.0,10,0,2,0,2.0
680,681,0,0.099724251,80,0,97.99109100000001,11000.0,3,0,0,0,0.0
681,682,0,0.030513202,68,0,,6438.4734917733085,6,0,0,0,0.0
682,683,0,0.175434349,47,0,670.8509235,4500.0,9,0,0,0,0.0
683,684,0,0.019883105,64,0,173.97140329799998,6083.0,16,0,0,0,0.0
684,685,1,0.990764426,36,2,1487.638661469,4117.0,4,0,0,0,1.0
685,686,0,0.386084012,49,0,1941.8335467420002,11666.0,17,0,0,0,3.0
686,687,0,0.008287427,55,0,809.88482772,7032.0,8,0,1,0,0.0
687,688,0,0.058687793,35,0,2797.664263953,8333.0,6,0,2,0,2.0
688,689,0,0.091106715,63,0,123.96458200000001,3500.0,5,0,0,0,0.0
689,690,0,0.023114333,64,0,4664.486463153,9083.0,16,0,3,0,0.0
690,691,0,0.083426677,64,0,110.96212962,2930.0,7,0,0,0,2.0
691,692,0,0.529411765,26,1,13.982947500000002,820.0,1,0,0,0,0.0
692,693,0,0.192722211,77,0,3221.54206647,7035.0,21,0,1,0,1.0
693,694,0,0.9999999,32,0,711.822044,4000.0,1,2,0,0,0.0
694,695,0,0.359412083,54,0,4192.125576718,1082.0,22,0,1,0,0.0
695,696,0,0.106517279,40,0,2315.736852,8800.0,17,0,3,0,4.0
696,697,0,0.07953842,53,0,,6438.4734917733085,9,0,1,0,2.0
697,698,1,2066.0,58,0,1626.7288800000001,6000.0,8,1,1,0,1.0
698,699,0,0.01239876,50,3,2472.792483636,11916.0,4,0,1,0,0.0
699,700,0,0.9999999,56,0,88.992875,12500.0,2,0,0,0,2.0
700,701,0,0.003938695,75,0,1574.800048844,7876.0,11,0,2,0,0.0
701,702,0,0.520418652,36,1,616.767081136,2648.0,5,0,0,0,3.0
702,703,0,0.160899231,33,0,607.817635491,3333.0,13,0,0,0,0.0
703,704,0,0.252505361,52,0,2655.557406,6000.0,13,0,1,0,2.0
704,705,0,0.035670256,62,0,4020.572327163,9401.0,9,0,4,0,0.0
705,706,0,0.046747539,60,0,3272.9876320720005,3233.0,13,0,2,0,0.0
706,707,0,0.009639594,52,0,1154.7375576,4400.0,5,0,0,0,0.0
707,708,0,0.986400389,36,0,4860.558131000001,11000.0,8,0,2,0,0.0
708,709,0,0.092392056,71,2,2470.8099389999998,13000.0,7,0,1,0,0.0
709,710,0,0.001019592,83,0,0.9998,5000.0,10,0,0,0,0.0
710,711,0,0.0,76,0,0.0,0.0,6,0,0,0,0.0
711,712,0,0.045516721,40,0,993.9096420000001,11000.0,12,0,0,0,3.0
712,713,0,0.245744673,46,0,3924.4148770939996,6707.0,21,0,1,0,3.0
713,714,0,0.292159285,78,0,,6438.4734917733085,5,0,0,0,0.0
714,715,0,0.9999999,36,0,,6438.4734917733085,1,0,1,0,0.0
715,716,0,0.016142473,76,0,1113.331734102,1666.0,11,0,1,0,0.0
716,717,0,0.759286581,41,1,693.591524652,1698.0,4,0,0,0,1.0
717,718,0,0.189734189,60,0,129.95412948,2833.0,2,0,0,0,0.0
718,719,0,0.049082484,63,2,5950.638063217,16441.0,12,0,1,0,1.0
719,720,0,1.163184115,52,0,1344.680824553,4213.0,7,0,0,0,0.0
720,721,0,0.238016933,58,0,4607.3989821019995,7666.0,5,0,3,0,0.0
721,722,0,0.410946459,56,0,3258.2878062,4575.0,16,0,1,0,0.0
722,723,0,0.476535633,33,0,1564.687065,5000.0,4,0,1,0,0.0
723,724,0,0.37504998,64,0,27.988805,2500.0,4,0,0,0,0.0
724,725,0,0.116188171,33,0,174.95626000000001,4000.0,9,0,0,0,0.0
725,726,0,0.018497695,40,0,,6438.4734917733085,13,0,0,0,0.0
726,727,0,0.254548841,56,0,3921.5386395,8500.0,15,0,2,0,4.0
727,728,0,0.013574112,60,0,12088.288923,17000.0,11,0,3,0,0.0
728,729,0,0.9999999,27,0,853.7392373659999,3274.0,3,0,0,1,2.0
729,730,0,0.029185402,41,0,1210.6637028,3600.0,5,0,1,0,0.0
730,731,0,0.985092264,48,0,1161.623093102,3082.0,4,0,1,0,0.0
731,732,0,0.011904653,69,0,,6438.4734917733085,20,0,2,0,0.0
732,733,0,0.0,39,0,4931.264865696,6708.0,13,0,2,0,2.0
733,734,0,0.312877738,36,0,1845.76928,8000.0,28,0,0,0,0.0
734,735,0,0.714892819,34,1,5222.129646,6000.0,8,0,1,0,0.0
735,736,0,0.060867801,50,1,,6438.4734917733085,15,0,1,0,0.0
736,737,0,0.141853991,79,0,2601.1871296,3200.0,8,0,2,0,0.0
737,738,0,0.073191767,54,0,92.97929266999999,4490.0,4,0,0,0,0.0
738,739,0,0.473663158,36,1,1301.349326,2000.0,8,0,0,0,0.0
739,740,1,0.987668722,39,5,3463.3087218600003,5010.0,14,0,2,0,2.0
740,741,0,0.061214562,35,0,9527.546301,21000.0,7,0,2,0,0.0
741,742,0,0.475252475,38,1,1071.5713725,2500.0,8,1,0,0,0.0
742,743,0,0.243842974,52,0,,6438.4734917733085,9,0,1,0,2.0
743,744,0,0.621468927,24,0,41.989922203999996,4166.0,3,0,0,0,0.0
744,745,0,0.084589254,76,0,52.955906778,1201.0,8,0,0,0,0.0
745,746,0,0.880239982,41,0,,6438.4734917733085,6,0,0,0,2.0
746,747,0,0.087182563,74,0,103.91950459600001,1291.0,6,0,0,0,0.0
747,748,0,0.111715105,47,0,5252.684834201999,16666.0,12,0,2,0,3.0
748,749,0,0.0,57,0,3350.6649300000004,10000.0,11,0,2,0,3.0
749,750,0,0.0,63,0,136.9473274,2600.0,3,0,0,0,1.0
750,751,0,0.0,62,0,,6438.4734917733085,4,0,0,0,0.0
751,752,0,0.659178931,39,0,1673.714672602,5866.0,6,0,1,0,1.0
752,753,0,0.101012576,51,0,4254.659625,12500.0,21,0,2,0,1.0
753,754,0,0.471803323,60,0,3523.634214555,9633.0,12,0,1,0,1.0
754,755,0,0.224822486,68,0,,6438.4734917733085,6,0,2,0,0.0
755,756,0,0.249922521,63,2,4937.745693096,19416.0,18,0,2,0,1.0
756,757,0,0.0,55,0,2645.630810746,7166.0,7,0,3,0,1.0
757,758,0,0.066285085,58,0,2109.771002337,9213.0,7,0,1,0,0.0
758,759,0,0.025711593,55,0,1892.459296,3500.0,8,0,1,0,2.0
759,760,0,0.901509849,33,1,2959.8718611,23100.0,8,1,1,0,0.0
760,761,1,0.02331266,58,0,2562.367628316,4052.0,13,1,2,0,0.0
761,762,0,0.048540543,55,1,1228.7844255,5700.0,9,0,1,0,0.0
762,763,0,0.077358439,44,0,3242.67573,10000.0,10,0,2,0,0.0
763,764,0,0.082452074,57,0,3119.108825,3500.0,12,0,1,0,1.0
764,765,0,0.9999999,65,0,0.0,615.0,3,0,0,0,0.0
765,766,0,0.14060251,56,0,588.95029695,11850.0,11,0,0,0,2.0
766,767,0,0.357285429,25,0,4.9982776,2900.0,1,0,0,0,0.0
767,768,0,0.002140517,89,1,0.0,0.0,4,0,0,0,0.0
768,769,1,0.0,32,0,1546.558125,3500.0,5,0,1,0,2.0
769,770,0,0.072377744,48,0,4788.600948,12000.0,9,0,2,0,0.0
770,771,0,0.228591229,38,1,534.818765962,2951.0,4,0,0,0,0.0
771,772,0,0.0,58,0,,6438.4734917733085,5,0,1,0,1.0
772,773,0,0.0,59,1,4188.468532695,7881.0,8,2,1,0,0.0
773,774,0,0.9999999,32,0,530.867284,4000.0,1,0,0,0,1.0
774,775,0,0.015293506,50,0,411.62748601000004,1105.0,13,0,0,0,0.0
775,776,0,0.059183801,26,0,101.93293888000001,1520.0,7,0,0,0,0.0
776,777,0,0.211859605,55,0,813.8712869689999,6323.0,8,0,0,0,1.0
777,778,0,0.014688043,82,0,,6438.4734917733085,4,0,0,0,0.0
778,779,0,0.019415751,62,0,,6438.4734917733085,9,0,1,0,0.0
779,780,0,0.012236873,46,0,,6438.4734917733085,6,0,1,0,0.0
780,781,0,0.917428326,66,1,,6438.4734917733085,7,1,2,0,0.0
781,782,0,0.716283716,46,0,1413.7322496,5280.0,10,0,2,0,2.0
782,783,0,0.00054943,59,0,0.0,2236.0,4,0,0,0,0.0
783,784,0,0.004680652,29,0,286.94261,5000.0,4,0,0,0,0.0
784,785,0,0.4275909,39,0,3718.657642084,10862.0,14,1,2,0,0.0
785,786,0,0.982477859,36,0,1524.4918349999998,3000.0,3,0,1,0,0.0
786,787,0,0.083486086,71,0,957.829295541,5611.0,4,0,1,0,0.0
787,788,0,0.01087466,82,0,9.998710769,7769.0,6,0,0,0,0.0
788,789,0,0.014646523,26,0,154.878430798,1274.0,7,0,0,0,0.0
789,790,1,1.008506531,58,3,,6438.4734917733085,20,0,0,1,0.0
790,791,0,0.537596973,68,0,,6438.4734917733085,8,0,1,0,
791,792,0,0.994428754,42,0,0.0,0.0,11,0,2,0,3.0
792,793,0,0.556142972,58,0,531.822726,3000.0,2,0,0,0,0.0
793,794,1,1.25748503,26,0,232.870195116,1794.0,1,2,0,1,0.0
794,795,0,0.031593681,33,0,,6438.4734917733085,3,0,0,0,0.0
795,796,0,0.35407131,51,0,363.94647879999997,6800.0,5,0,0,0,0.0
796,797,0,0.075627307,60,0,1627.8062135999999,8400.0,9,0,1,0,0.0
797,798,0,0.002965614,29,0,1666.48406174,3230.0,8,0,1,0,0.0
798,799,0,0.020390558,79,0,530.7741396,2350.0,5,0,0,0,0.0
799,800,0,0.04564894,27,0,1145.725046505,4167.0,21,0,1,0,0.0
800,801,1,0.962946947,50,0,2797.31872222,4106.0,8,0,1,1,0.0
801,802,0,0.160226787,31,0,836.6439802499999,2350.0,5,0,0,0,0.0
802,803,0,0.0,45,0,7664.264184864,10416.0,11,0,4,0,1.0
803,804,0,0.067400749,26,0,745.8334815029999,4479.0,10,0,0,0,0.0
804,805,0,0.134374585,63,0,,6438.4734917733085,2,0,0,0,0.0
805,806,0,0.9999999,40,0,,6438.4734917733085,0,0,0,0,0.0
806,807,0,0.013218661,57,0,639.9146775,7500.0,10,0,1,0,0.0
807,808,0,0.000358843,54,0,2880.279932,4000.0,11,0,0,0,0.0
808,809,0,0.975146408,33,0,1262.6677201999998,3800.0,4,0,0,0,2.0
809,810,0,0.255610417,54,0,1804.4714479680001,3414.0,9,0,1,0,1.0
810,811,0,0.9999999,24,0,0.0,3833.0,1,0,0,0,0.0
811,812,0,0.682708972,41,4,5167.6129185,13350.0,8,0,4,0,1.0
812,813,0,0.101551406,47,0,,6438.4734917733085,6,0,0,0,0.0
813,814,0,0.013105862,76,0,,6438.4734917733085,15,0,1,0,0.0
814,815,0,0.0,87,0,,6438.4734917733085,2,0,0,0,
815,816,0,0.040536902,34,0,2348.355909964,3646.0,11,0,1,0,0.0
816,817,0,0.0,46,0,392.892120324,3642.0,11,0,0,0,4.0
817,818,0,0.013375668,82,0,20.997396042,8057.0,7,0,0,0,0.0
818,819,0,0.9999999,48,0,1060.8347855089999,6421.0,0,1,0,0,2.0
819,820,0,0.19877594,83,0,607.7829352,2800.0,9,0,0,0,0.0
820,821,0,0.053596215,86,0,,6438.4734917733085,6,0,0,0,1.0
821,822,0,0.178964154,56,0,3744.447066088,6772.0,6,0,1,0,1.0
822,823,0,0.0,90,0,,6438.4734917733085,3,0,0,0,
823,824,0,0.003550639,73,0,,6438.4734917733085,11,0,0,0,0.0
824,825,0,0.715720439,33,0,2806.9974996,2800.0,8,0,2,0,0.0
825,826,0,0.011343376,85,0,,6438.4734917733085,5,0,0,0,
826,827,0,0.158100266,45,2,1877.52467685,3950.0,19,0,1,0,1.0
827,828,0,0.626266154,56,0,775.857614129,5449.0,5,0,0,0,0.0
828,829,0,0.0,31,0,865.5672159999999,2000.0,9,0,1,0,0.0
829,830,0,0.48268786,30,0,2118.73516,8000.0,9,0,2,1,1.0
830,831,0,0.524915836,32,0,,6438.4734917733085,6,0,0,0,0.0
831,832,0,0.335445712,40,0,1447.6553196,4200.0,6,0,2,1,0.0
832,833,0,0.001876594,79,0,31.986672,2400.0,10,0,0,0,0.0
833,834,0,0.235225157,37,0,1507.6649655,4500.0,5,0,1,0,1.0
834,835,0,0.0,63,0,,6438.4734917733085,6,0,1,0,0.0
835,836,0,0.0,28,0,,6438.4734917733085,3,0,0,0,
836,837,0,0.001901275,69,0,0.0,5455.0,6,0,0,0,0.0
837,838,0,0.107720423,47,0,1989.7837188,9200.0,12,0,3,0,2.0
838,839,0,0.01339933,71,0,29.98716192,2336.0,3,0,0,0,1.0
839,840,0,0.064097861,56,0,,6438.4734917733085,11,0,1,0,0.0
840,841,0,0.547124146,40,0,1099.878679554,9066.0,6,0,0,0,4.0
841,842,0,0.292567833,64,0,0.0,0.0,5,0,1,0,0.0
842,843,0,0.157137145,59,0,794.7350879999999,3000.0,8,0,0,0,1.0
843,844,0,0.042202964,28,0,1287.7138395,4500.0,6,0,1,0,0.0
844,845,0,0.734284381,45,0,0.0,0.0,6,0,2,1,0.0
845,846,0,0.835311508,31,1,2611.6674742620003,7854.0,9,0,1,0,0.0
846,847,0,0.5112397,58,0,9104.036918277001,9453.0,13,0,3,0,1.0
847,848,1,0.0,44,0,,6438.4734917733085,9,0,3,0,0.0
848,849,0,0.037477248,37,0,659.9208104449999,8333.0,9,0,0,0,0.0
849,850,0,0.0,68,0,392.909615595,4347.0,5,0,0,0,0.0
850,851,1,0.71976008,47,0,,6438.4734917733085,2,2,0,0,0.0
851,852,0,0.047294357,57,0,2448.552855696,5476.0,14,0,1,0,0.0
852,853,0,0.328684508,51,0,,6438.4734917733085,6,0,1,0,0.0
853,854,0,0.028083912,50,0,1489.61902212,3910.0,20,0,0,0,3.0
854,855,0,0.003888457,74,0,,6438.4734917733085,3,0,0,0,0.0
855,856,0,0.009654537,73,0,2278.877160768,18553.0,6,0,1,0,1.0
856,857,1,0.778719498,81,0,2306.46198822,4287.0,11,0,2,0,0.0
857,858,0,0.0,58,0,2877.588917,7000.0,10,0,2,0,1.0
858,859,0,0.054449206,87,0,,6438.4734917733085,1,0,0,0,0.0
859,860,0,0.173784093,55,0,3121.803854924,15916.0,14,0,3,0,0.0
860,861,0,0.457154579,50,0,1385.8965812,13400.0,7,0,0,0,2.0
861,862,0,0.119460647,34,0,2228.67774948,6916.0,5,0,1,0,0.0
862,863,0,0.717853471,67,0,,6438.4734917733085,15,0,3,0,0.0
863,864,0,0.607205622,63,0,,6438.4734917733085,15,0,1,0,0.0
864,865,0,0.276593085,62,0,2314.878167,19000.0,8,0,1,0,0.0
865,866,0,0.128419662,59,0,2490.7735709999997,11000.0,10,0,1,0,0.0
866,867,0,0.059356682,32,0,,6438.4734917733085,10,0,1,0,0.0
867,868,0,0.000237284,64,0,2884.572211609,6743.0,10,0,1,0,0.0
868,869,0,0.738420926,72,0,,6438.4734917733085,11,0,1,0,0.0
869,870,0,0.086492476,64,0,435.92526522799994,5833.0,8,0,1,0,1.0
870,871,0,0.222472191,30,0,1887.4101856,3200.0,4,0,1,0,0.0
871,872,0,0.035754761,79,0,46.991707579999996,5666.0,5,0,0,0,1.0
872,873,0,0.003986049,81,0,745.7928336,3600.0,10,0,1,0,0.0
873,874,0,0.093741762,41,2,2639.28182805,3675.0,10,0,3,0,2.0
874,875,0,0.231979494,58,0,3974.626203128,10633.0,28,0,4,0,0.0
875,876,0,0.105969699,55,0,,6438.4734917733085,8,0,1,0,0.0
876,877,0,0.041411471,45,0,73.99154,8750.0,3,0,0,0,3.0
877,878,0,0.223055966,44,0,5163.5697,12000.0,13,0,2,0,3.0
878,879,0,0.452864285,49,0,1987.6690513679998,6006.0,10,0,1,0,1.0
879,880,0,0.016031741,74,0,,6438.4734917733085,4,0,1,0,
880,881,0,0.9999999,26,0,257.862179823,1871.0,1,0,0,0,0.0
881,882,0,0.15189171,59,0,4538.6989317,15075.0,13,0,2,0,0.0
882,883,0,0.606025418,39,3,2973.6243513560003,7916.0,10,0,2,0,2.0
883,884,0,0.075168462,48,0,,6438.4734917733085,3,0,1,0,0.0
884,885,0,0.061833522,49,0,,6438.4734917733085,6,0,2,0,0.0
885,886,0,0.010186243,47,0,556.9774897499999,24750.0,7,0,0,0,2.0
886,887,0,0.515975688,28,0,3161.32014675,4650.0,14,0,1,0,0.0
887,888,0,0.347921078,42,0,4858.626266,13000.0,11,0,2,0,2.0
888,889,0,0.108983159,53,0,1489.689648,4800.0,10,0,1,0,0.0
889,890,0,0.165720783,68,0,2674.68808635,8575.0,10,0,1,0,0.0
890,891,0,0.194625748,31,1,1228.716427414,4333.0,20,0,0,0,0.0
891,892,0,0.48987523,34,0,893.6808272,2800.0,3,0,0,0,1.0
892,893,0,0.958820874,56,0,2294.7634253,9700.0,12,0,1,0,1.0
893,894,0,0.799018271,30,0,1622.70183875,1250.0,4,0,1,0,0.0
894,895,0,0.011505437,52,0,1110.72574755,4050.0,9,0,1,0,0.0
895,896,0,0.819115784,54,0,1507.471617807,2853.0,7,0,1,0,0.0
896,897,0,0.0,39,0,1379.44822,2500.0,7,0,2,0,0.0
897,898,0,0.122544324,57,0,1858.57106533,4333.0,9,0,1,0,1.0
898,899,0,0.667833042,60,0,,6438.4734917733085,2,0,0,0,0.0
899,900,0,0.3882572,45,0,5536.8870569499995,4975.0,13,0,4,0,1.0
900,901,0,2.258964143,33,2,64.967516,2000.0,1,1,0,0,2.0
901,902,0,0.013767118,64,0,,6438.4734917733085,10,0,2,0,0.0
902,903,0,0.187797808,85,0,,6438.4734917733085,6,0,0,0,0.0
903,904,0,0.9999999,34,1,0.0,5400.0,0,1,0,0,0.0
904,905,0,0.037379559,37,0,3004.666146,9000.0,11,0,2,0,0.0
905,906,0,0.00339983,63,0,656.737305,2500.0,5,0,0,0,0.0
906,907,0,0.020480494,35,0,,6438.4734917733085,10,0,1,0,1.0
907,908,0,0.106475741,32,0,2154.1976915249998,2685.0,5,0,1,0,1.0
908,909,0,0.518186405,73,0,4493.4951099,8900.0,17,0,1,0,1.0
909,910,0,0.003735788,39,0,1905.5408339,4150.0,10,0,2,0,0.0
910,911,0,0.9999999,38,0,,6438.4734917733085,6,0,1,0,0.0
911,912,0,0.196960608,40,0,28.993039538,4166.0,1,0,0,0,0.0
912,913,0,0.802993617,42,1,4813.475542356,9178.0,9,0,1,0,3.0
913,914,0,0.9999999,36,0,510.80503547999996,2620.0,3,0,0,0,0.0
914,915,0,0.707145775,64,0,,6438.4734917733085,13,0,2,0,0.0
915,916,0,0.288592785,51,0,2291.7737908560002,10131.0,4,0,2,0,3.0
916,917,0,0.397244161,25,0,589.705148,2000.0,5,0,0,0,0.0
917,918,0,0.197440895,36,0,,6438.4734917733085,3,0,1,0,
918,919,0,0.004884836,34,0,2497.525095237,5259.0,11,0,2,0,2.0
919,920,1,1.362141746,73,1,,6438.4734917733085,2,3,0,1,
920,921,0,0.17545213,55,2,2593.729824,9600.0,11,0,2,0,0.0
921,922,1,0.514353049,39,0,2272.01559118,2308.0,15,0,1,0,1.0
922,923,0,0.00069993,83,0,0.0,10500.0,4,0,0,0,0.0
923,924,0,0.822400231,63,0,1289.4842075,2500.0,12,0,0,0,0.0
924,925,0,0.0427599,52,0,,6438.4734917733085,21,0,2,0,2.0
925,926,0,0.222506167,59,0,3094.7285309999997,11400.0,9,0,2,0,0.0
926,927,0,0.391045602,24,0,220.93096,3200.0,11,0,0,0,0.0
927,928,0,0.028775625,44,0,702.8627775260001,5122.0,4,0,0,0,0.0
928,929,0,0.477367751,36,0,917.6601267,2700.0,6,0,0,0,0.0
929,930,0,0.018538176,74,0,,6438.4734917733085,8,0,1,0,0.0
930,931,0,0.041366785,45,0,2245.77542,10000.0,8,0,0,0,2.0
931,932,0,0.994269551,41,0,,6438.4734917733085,5,0,2,0,0.0
932,933,0,0.127159603,63,0,2492.545903529,5489.0,20,0,4,0,0.0
933,934,0,0.610408703,41,1,188.93558307400002,2933.0,7,0,0,0,2.0
934,935,0,0.156645781,45,1,3753.4397831,6700.0,8,0,2,0,2.0
935,936,0,0.526201662,54,4,8588.65645,25000.0,9,0,3,0,1.0
936,937,0,0.03737868,76,1,1073.62721376,2880.0,8,0,1,0,0.0
937,938,0,0.163750645,65,0,2668.73313,10000.0,13,0,1,0,0.0
938,939,0,0.086382723,38,0,,6438.4734917733085,6,0,1,0,
939,940,0,0.9999999,47,0,1408.6293074,3800.0,6,0,0,0,1.0
940,941,0,0.029132576,68,0,84.991775341,10337.0,10,0,1,0,1.0
941,942,0,0.153646677,34,0,4777.779932332,3916.0,7,0,2,0,0.0
942,943,0,0.083781617,46,0,2375.5788006,5640.0,16,0,1,0,2.0
943,944,1,0.913773615,55,2,3791.1183447000003,4300.0,17,0,2,0,1.0
944,945,0,0.251284106,34,0,6312.248544,8400.0,18,0,4,0,0.0
945,946,0,0.072587125,29,0,559.953336,12000.0,15,0,0,0,0.0
946,947,0,0.0,35,0,0.0,1500.0,3,0,0,0,0.0
947,948,0,0.133613717,43,1,5052.578952,12000.0,14,0,3,1,2.0
948,949,0,0.001905482,37,0,1347.3053889999999,500.0,11,0,2,0,2.0
949,950,0,0.040547951,74,0,111.97926539999999,5400.0,5,0,0,0,0.0
950,951,0,0.03452873,55,0,3684.4858379120005,7166.0,7,0,2,0,1.0
951,952,0,0.010441271,72,0,,6438.4734917733085,7,0,0,0,0.0
952,953,0,0.0,80,1,,6438.4734917733085,8,0,1,0,0.0
953,954,0,0.001882242,50,0,3293.6825274999997,2500.0,9,0,2,0,1.0
954,955,0,0.015644567,77,0,,6438.4734917733085,5,0,0,0,
955,956,0,0.630901661,73,0,216.952601124,4577.0,3,0,0,0,0.0
956,957,0,0.0,52,0,2300.74223999,8926.0,11,0,1,0,2.0
957,958,0,0.055228298,48,0,1814.8537265720001,12407.0,5,0,1,0,0.0
958,959,0,0.946508915,44,0,394.85183926499997,2665.0,5,0,0,0,1.0
959,960,0,0.0,50,0,0.0,6400.0,2,0,0,0,0.0
960,961,0,0.833594158,44,0,,6438.4734917733085,9,0,0,0,0.0
961,962,0,0.030327811,70,0,,6438.4734917733085,11,0,2,0,0.0
962,963,0,0.194273425,53,0,,6438.4734917733085,13,0,0,0,3.0
963,964,0,0.0,70,0,0.0,3500.0,6,0,0,0,0.0
964,965,0,0.205655719,36,0,,6438.4734917733085,13,0,2,0,0.0
965,966,0,0.235752849,63,0,,6438.4734917733085,3,0,0,0,0.0
966,967,0,0.029878794,50,0,4249.681261979,13333.0,11,0,3,0,1.0
967,968,1,1.004421666,48,3,2420.3949,4000.0,10,0,2,0,1.0
968,969,0,0.154955579,62,1,,6438.4734917733085,4,1,1,0,0.0
969,970,0,0.016658432,53,0,2836.684809,9000.0,6,0,1,0,0.0
970,971,0,0.475841386,43,0,367.80118805,1850.0,2,0,0,0,3.0
971,972,0,0.061439281,58,0,3241.5013085,6500.0,19,0,4,0,1.0
972,973,0,0.527904017,67,0,,6438.4734917733085,4,0,1,0,0.0
973,974,0,0.319378527,59,0,988.8430418999999,6300.0,22,0,0,0,0.0
974,975,0,0.9999999,55,0,891.832458923,5323.0,1,1,0,1,2.0
975,976,0,0.077910174,82,0,,6438.4734917733085,2,0,0,0,0.0
976,977,0,0.278636315,47,0,4033.412635959,6867.0,22,0,1,0,4.0
977,978,0,0.352319991,43,0,2129.75321235,8630.0,8,0,0,0,1.0
978,979,0,0.256314605,58,3,4533.488838,3000.0,24,0,2,0,0.0
979,980,0,0.0,41,0,1942.6530984,5600.0,4,0,1,0,0.0
980,981,0,0.066113797,63,0,6061.378323,9750.0,24,0,2,0,2.0
981,982,0,0.749133564,50,2,2052.5678815,4750.0,17,0,1,0,0.0
982,983,0,0.041992219,32,0,,6438.4734917733085,7,0,0,0,0.0
983,984,0,0.212785199,37,1,2231.7272733,21.0,6,0,2,0,4.0
984,985,0,0.951209758,36,0,141.93855522,2310.0,2,0,0,0,2.0
985,986,0,0.700331051,45,1,4899.453548042,8966.0,11,0,2,0,1.0
986,987,0,0.0,26,0,,6438.4734917733085,8,0,0,0,0.0
987,988,0,0.019327552,80,0,903.819235,5000.0,11,0,0,0,0.0
988,989,1,0.878245498,40,0,616.818582,3400.0,5,0,0,0,1.0
989,990,0,0.066928871,35,0,2222.388948199,3637.0,5,0,1,0,2.0
990,991,0,0.110327321,52,0,1979.6865599839998,6316.0,16,0,2,0,1.0
991,992,1,0.228742911,38,2,,6438.4734917733085,19,0,3,0,2.0
992,993,0,0.691722293,78,0,4444.30881833,6430.0,6,0,2,0,0.0
993,994,0,0.275946359,57,1,3797.7165924,13400.0,10,0,1,0,0.0
994,995,0,0.037454421,57,0,1171.6449558,3300.0,17,0,1,0,0.0
995,996,0,0.357684244,32,1,,6438.4734917733085,6,0,0,0,0.0
996,997,0,0.102950576,43,1,2522.74773,10000.0,18,0,3,0,3.0
997,998,0,0.9999999,60,1,30513.828719999998,3000.0,4,0,1,1,0.0
998,999,0,0.040283239,54,0,1680.8644416,12400.0,11,0,1,0,0.0
999,1000,0,0.352989385,59,1,5904.56044955,13433.0,18,0,2,0,2.0
1000,1001,0,0.666948696,56,0,1054.8149421,5700.0,7,0,0,0,0.0
1001,1002,0,0.181442474,32,0,593.9321237500001,8750.0,2,0,0,0,0.0
1002,1003,0,0.863213679,29,0,1933.897337572,18836.0,4,0,1,0,2.0
1003,1004,0,0.093632815,68,0,1339.6931549960002,4366.0,6,0,2,0,0.0
1004,1005,0,0.0,50,0,0.0,6250.0,4,0,0,0,0.0
1005,1006,0,0.479013137,36,0,2392.4683395,4500.0,14,0,1,0,2.0
1006,1007,0,0.257067036,37,0,1791.7081932800002,6140.0,6,0,0,0,4.0
1007,1008,0,0.02403549,63,0,,6438.4734917733085,2,0,0,0,0.0
1008,1009,0,0.9999999,42,0,488.782764,2250.0,1,0,0,0,2.0
1009,1010,0,0.001890458,47,3,1767.731306211,6579.0,15,0,2,2,1.0
1010,1011,0,0.399033876,32,0,954.566107,2200.0,7,0,0,0,0.0
1011,1012,0,0.9999999,31,0,159.952039385,3335.0,2,0,0,1,4.0
1012,1013,0,0.245930854,39,0,2957.462277,5500.0,11,0,1,0,1.0
1013,1014,0,0.003957859,52,0,,6438.4734917733085,11,0,1,0,2.0
1014,1015,0,0.408690635,46,0,4395.944802944,4166.0,12,0,2,0,0.0
1015,1016,0,0.897369039,57,0,,6438.4734917733085,16,0,0,0,0.0
1016,1017,1,0.017558727,47,0,1345.46459775,2513.0,10,1,1,0,0.0
1017,1018,0,0.115428519,41,0,1807.7210316,6480.0,12,1,1,1,0.0
1018,1019,0,0.83983667,49,0,,6438.4734917733085,8,0,2,0,1.0
1019,1020,0,0.004384128,36,0,2848.36221285,4466.0,11,0,1,0,1.0
1020,1021,0,0.383952208,35,0,7478.50143,15000.0,18,0,2,0,0.0
1021,1022,0,0.039609476,50,0,,6438.4734917733085,13,0,0,0,0.0
1022,1023,0,0.02464305,75,0,41.990052132,4221.0,10,0,0,0,1.0
1023,1024,0,0.9999999,32,0,543.8216978,3050.0,1,0,0,1,2.0
1024,1025,0,0.284499685,66,0,,6438.4734917733085,8,0,0,0,1.0
1025,1026,0,0.9999999,38,1,871.8659305230001,6503.0,1,0,0,0,3.0
1026,1027,0,0.224507069,58,0,,6438.4734917733085,8,0,1,0,0.0
1027,1028,0,0.643133922,47,0,1243.841001965,7823.0,3,0,0,0,0.0
1028,1029,0,0.149037887,44,0,903.71127511,3130.0,8,0,1,0,1.0
1029,1030,1,0.546513871,35,0,7975.06176,8500.0,17,0,4,0,2.0
1030,1031,0,0.546015655,39,0,2036.59268,5000.0,8,0,1,0,0.0
1031,1032,0,0.14938018,54,1,3601.5712404,8400.0,14,0,1,0,1.0
1032,1033,0,0.135083219,58,0,670.9348620999999,10300.0,7,0,0,0,2.0
1033,1034,0,0.016221174,65,0,506.8050754,2600.0,9,0,2,0,3.0
1034,1035,0,0.068038735,55,0,2496.503497,1000.0,6,0,1,0,2.0
1035,1036,0,0.038660566,71,0,2464.6919120000002,8000.0,7,0,1,0,0.0
1036,1037,0,0.258812185,35,0,,6438.4734917733085,4,0,1,0,0.0
1037,1038,0,0.033458036,80,0,4741.568953,11000.0,6,0,2,0,0.0
1038,1039,0,0.9999999,27,0,344.84693767199997,2253.0,3,0,0,0,0.0
1039,1040,0,0.391214634,39,1,3187.7128184999997,11100.0,8,0,2,0,2.0
1040,1041,0,0.377915278,51,0,539.93885324,8830.0,5,0,0,0,1.0
1041,1042,0,0.098407733,47,0,564.9302556,8100.0,6,0,0,0,2.0
1042,1043,0,0.039686202,46,0,,6438.4734917733085,6,0,0,0,1.0
1043,1044,0,0.9999999,51,1,,6438.4734917733085,0,1,0,0,0.0
1044,1045,1,0.829560586,34,1,992.751812,4000.0,6,0,1,0,2.0
1045,1046,0,0.631259134,39,0,769.726659328,2816.0,7,0,0,0,0.0
1046,1047,0,0.034384238,84,0,,6438.4734917733085,10,0,0,0,0.0
1047,1048,0,0.054537616,53,0,1240.7331763500001,4650.0,10,0,1,0,0.0
1048,1049,0,0.50009998,34,0,1730.7889321999999,8200.0,3,0,1,0,0.0
1049,1050,0,0.112820211,81,0,3128.6871300000003,10000.0,6,0,1,0,0.0
1050,1051,0,0.012538557,63,0,914.6148987500001,2375.0,12,0,2,0,0.0
1051,1052,0,0.996101804,43,0,4232.420828622,1641.0,9,0,2,0,3.0
1052,1053,1,0.232226657,59,6,12188.905547999999,2000.0,16,2,1,2,1.0
1053,1054,0,0.048037041,30,0,,6438.4734917733085,5,0,1,0,0.0
1054,1055,0,0.530405318,61,1,6469.530576918,13782.0,22,0,2,0,0.0
1055,1056,0,0.520689428,68,3,4664.222628,6000.0,9,0,3,0,0.0
1056,1057,0,0.022135842,48,0,21.996453000000002,6200.0,2,0,0,0,1.0
1057,1058,0,0.101790219,63,0,98.957764785,2343.0,5,0,0,0,0.0
1058,1059,0,0.323481841,26,0,,6438.4734917733085,3,0,0,0,0.0
1059,1060,0,0.014466655,51,0,1201.73703921,4570.0,28,0,2,0,0.0
1060,1061,0,0.022420519,72,0,,6438.4734917733085,6,0,1,0,0.0
1061,1062,0,0.002349883,66,0,1999.60815159,5103.0,5,0,2,0,0.0
1062,1063,0,0.1925349,38,0,2821.7742625,12500.0,12,0,2,0,0.0
1063,1064,0,0.251804415,66,0,1529.3882449999999,2500.0,7,0,1,0,0.0
1064,1065,0,0.088911089,35,0,1.9994725999999998,3800.0,3,0,0,0,0.0
1065,1066,0,0.987743331,50,0,4473.5526,9999.0,13,0,2,0,0.0
1066,1067,0,0.9999999,68,1,,6438.4734917733085,0,1,0,0,0.0
1067,1068,0,0.030761368,62,0,46.984337999999994,3000.0,5,0,1,0,0.0
1068,1069,0,0.218991588,54,0,1758.413862,3000.0,13,0,1,0,0.0
1069,1070,0,0.9999999,38,0,742.8891191,6700.0,3,0,0,0,3.0
1070,1071,0,0.0,45,0,2764.6349861480003,7574.0,10,0,2,0,1.0
1071,1072,0,0.002072256,58,0,1843.789255893,8749.0,12,0,2,0,0.0
1072,1073,0,0.223967181,49,0,,6438.4734917733085,8,0,1,0,0.0
1073,1074,0,0.220201834,34,0,1872.5376446999999,4050.0,10,0,2,0,1.0
1074,1075,0,0.788340389,43,0,708.9001532,7100.0,3,0,0,0,1.0
1075,1076,0,0.034754891,73,0,,6438.4734917733085,12,0,2,0,0.0
1076,1077,0,0.0,43,0,4352.7182721,15450.0,10,0,2,0,5.0
1077,1078,0,0.148225606,63,0,,6438.4734917733085,11,0,2,0,0.0
1078,1079,0,0.68028326,80,0,1963.5701484800002,4568.0,6,0,1,0,0.0
1079,1080,0,0.179110121,41,0,2611.725085,9500.0,10,1,1,0,2.0
1080,1081,0,0.211367652,60,0,2524.759545,10500.0,19,0,2,0,0.0
1081,1082,0,0.012987013,22,0,0.0,0.0,2,0,0,0,0.0
1082,1083,0,0.247135843,34,0,512.909476942,5666.0,3,0,0,0,1.0
1083,1084,0,0.9999999,43,0,388.87037699999996,3000.0,1,0,0,0,0.0
1084,1085,1,0.00073798,41,0,1972.5068720000002,4000.0,4,0,1,0,2.0
1085,1086,0,0.946978196,34,0,3186.6645625,9500.0,12,0,2,0,2.0
1086,1087,0,0.866344471,34,0,310.85197500000004,2100.0,1,0,0,0,0.0
1087,1088,0,0.0,87,0,464.9326191,6900.0,4,0,0,0,1.0
1088,1089,0,0.9999999,66,0,2556.770528214,11142.0,6,0,1,0,0.0
1089,1090,0,0.096113878,41,0,1800.77560485,8025.0,10,0,0,0,4.0
1090,1091,0,0.0,37,0,2662.62760335,7150.0,3,0,2,0,2.0
1091,1092,1,0.9999999,41,0,,6438.4734917733085,1,2,0,1,
1092,1093,0,0.275326535,66,1,2254.6168218800003,5884.0,17,0,1,0,0.0
1093,1094,0,0.595112469,33,0,764.6214736400001,2020.0,3,0,0,0,0.0
1094,1095,0,0.026147183,67,0,494.6702205,1500.0,7,0,1,0,0.0
1095,1096,0,0.28927034,48,0,1383.308346,2000.0,7,0,1,0,2.0
1096,1097,0,0.040423812,61,0,,6438.4734917733085,6,0,0,0,0.0
1097,1098,0,0.223677632,67,0,1696.6737164,5200.0,4,0,1,0,2.0
1098,1099,0,0.077246781,32,0,1504.631580452,4084.0,7,0,1,0,0.0
1099,1100,0,0.328303003,59,1,4320.519939,9000.0,9,0,2,0,0.0
1100,1101,0,0.572324438,50,0,3366.9478304000004,3200.0,12,0,1,0,3.0
1101,1102,0,0.966275454,37,0,2932.3164756600004,4290.0,8,0,1,0,2.0
1102,1103,0,0.075327056,62,0,915.928616864,12832.0,7,0,1,0,0.0
1103,1104,0,0.011073664,52,0,158.9876273,12850.0,4,0,0,0,3.0
1104,1105,0,0.369171682,82,0,1253.951764,26000.0,12,0,1,0,0.0
1105,1106,0,0.960431398,63,0,1591.68493872,5052.0,3,0,1,0,1.0
1106,1107,0,0.123471362,63,0,959.63581214,2635.0,6,0,1,0,1.0
1107,1108,0,0.127493625,64,0,1403.9056237500001,14875.0,6,0,2,0,1.0
1108,1109,0,0.087910156,54,0,10412.479379999999,20000.0,8,0,3,0,2.0
1109,1110,0,0.083766009,53,0,3118.6578954,9116.0,6,0,2,0,1.0
1110,1111,0,0.0,78,0,,6438.4734917733085,3,0,0,0,
1111,1112,0,0.48092721,62,0,5364.9682736,5200.0,14,0,3,0,1.0
1112,1113,0,0.009917446,64,0,2446.5525713,5468.0,12,0,2,0,0.0
1113,1114,0,0.9999999,37,0,4250.622370176,11256.0,11,0,2,0,1.0
1114,1115,0,0.078754404,30,0,,6438.4734917733085,6,0,2,0,0.0
1115,1116,0,0.135042385,71,0,187.9820985,10500.0,14,0,0,0,0.0
1116,1117,0,0.007999878,65,0,,6438.4734917733085,13,0,0,0,0.0
1117,1118,0,0.099190841,57,0,2115.3956005,3500.0,9,0,2,0,0.0
1118,1119,0,0.29739805,52,0,3486.420281222,6014.0,8,0,1,0,3.0
1119,1120,0,0.307191593,39,0,3582.3928157,5900.0,5,0,2,0,0.0
1120,1121,0,0.044225262,39,0,,6438.4734917733085,4,0,2,0,0.0
1121,1122,0,0.125014705,66,2,1011.5953625,2500.0,4,0,1,0,0.0
1122,1123,0,0.004104171,55,1,0.0,0.0,5,0,0,1,0.0
1123,1124,0,0.013713796,47,0,2594.5987328160004,6466.0,6,0,2,0,0.0
1124,1125,0,0.267352626,72,0,1777.57331359,4166.0,10,0,2,0,0.0
1125,1126,0,0.163836164,53,1,231.9072375,2500.0,5,0,0,0,0.0
1126,1127,0,0.9999999,70,0,,6438.4734917733085,1,0,0,0,
1127,1128,0,0.820545297,45,1,,6438.4734917733085,4,0,2,0,2.0
1128,1129,0,0.428382755,36,0,1778.7293895,6573.0,12,0,1,0,0.0
1129,1130,0,0.0199992,52,0,753.811548,4000.0,6,0,1,0,1.0
1130,1131,0,0.089146989,45,1,1298.74025,5000.0,7,0,2,0,0.0
1131,1132,0,0.612030682,74,2,2415.23032806,3138.0,10,1,2,0,0.0
1132,1133,0,0.0,48,0,616.94307066,10838.0,4,0,0,0,1.0
1133,1134,0,0.801764544,35,1,916.56968478,2130.0,5,0,0,1,2.0
1134,1135,0,0.0,46,0,2259.549710236,5018.0,9,0,1,0,0.0
1135,1136,0,0.010751197,76,0,446.88208739,3790.0,17,0,0,0,0.0
1136,1137,0,0.901795412,47,1,1742.47325392,3308.0,6,0,1,0,3.0
1137,1138,0,0.0,70,0,1248.747473775,4945.0,9,0,1,0,0.0
1138,1139,0,0.001759965,46,0,1180.7853145,5500.0,5,0,1,0,2.0
1139,1140,0,0.390088472,39,0,982.673962776,3014.0,6,0,0,0,0.0
1140,1141,0,0.007353556,80,0,1049.7000850000002,3500.0,16,0,0,0,1.0
1141,1142,0,0.9999999,38,1,,6438.4734917733085,1,0,0,0,0.0
1142,1143,0,0.061173533,28,0,269.91003,3000.0,3,0,0,0,0.0
1143,1144,0,0.39142696,58,2,2876.615220192,7476.0,6,0,2,0,0.0
1144,1145,0,0.132820925,42,0,3131.08554832,3424.0,16,0,2,0,1.0
1145,1146,0,0.842078961,60,0,410.84950452000004,2730.0,10,0,0,0,1.0
1146,1147,1,0.954449046,55,5,,6438.4734917733085,7,1,0,3,0.0
1147,1148,0,0.804681521,43,0,5461.466186111,10231.0,12,0,2,0,4.0
1148,1149,0,0.751585703,56,0,3449.521421817,2333.0,8,0,2,0,0.0
1149,1150,0,0.28910532,55,0,5381.06056752,5728.0,17,0,3,0,0.0
1150,1151,0,0.003157687,32,0,,6438.4734917733085,1,0,0,0,0.0
1151,1152,0,0.601758577,36,0,,6438.4734917733085,10,0,1,0,2.0
1152,1153,0,0.684020951,50,0,10291.105119,11500.0,21,0,3,0,0.0
1153,1154,1,0.81054584,57,2,3944.8585474559995,3456.0,29,0,1,1,1.0
1154,1155,0,0.0,45,1,46.98747,3750.0,8,0,0,0,3.0
1155,1156,0,0.0,53,0,1612.5392745,3500.0,7,1,1,1,0.0
1156,1157,0,0.926059916,48,1,,6438.4734917733085,8,0,4,0,0.0
1157,1158,0,0.17988008,23,0,7.9968717510000005,2557.0,2,0,0,0,0.0
1158,1159,0,0.226957563,80,0,1784.5625,4079.0,11,0,1,0,1.0
1159,1160,0,0.941447055,54,0,8943.15604985,4850.0,15,0,4,0,1.0
1160,1161,0,0.023237542,58,0,5686.187568429,6999.0,19,0,3,0,1.0
1161,1162,0,0.01718597,48,0,2616.6511125,7500.0,8,0,3,0,2.0
1162,1163,0,0.506995336,29,0,1257.4969999999998,2500.0,6,0,1,1,0.0
1163,1164,0,0.120355791,59,0,1671.848013,11000.0,10,0,2,0,0.0
1164,1165,0,0.247597087,56,0,3654.2972492,5200.0,8,0,1,0,2.0
1165,1166,0,0.321934593,44,0,,6438.4734917733085,7,0,2,0,1.0
1166,1167,0,0.823059361,71,1,,6438.4734917733085,6,1,0,1,0.0
1167,1168,1,0.902797114,45,3,,6438.4734917733085,8,2,1,2,0.0
1168,1169,0,0.099482078,44,0,2158.568629524,5004.0,7,0,1,0,3.0
1169,1170,0,0.418397882,58,0,2973.5858494599997,7180.0,14,0,2,0,0.0
1170,1171,0,0.537344212,57,0,3641.3721762,5800.0,19,0,1,0,0.0
1171,1172,0,0.002776037,55,0,2931.62415,7800.0,11,0,2,0,1.0
1172,1173,0,0.9999999,82,0,0.0,1400.0,0,0,0,0,0.0
1173,1174,1,0.9999999,71,1,878.6861832,2800.0,2,0,1,1,0.0
1174,1175,0,0.317047101,65,0,398.82659639999997,2300.0,14,0,0,0,0.0
1175,1176,0,0.100578252,69,0,,6438.4734917733085,11,0,2,0,2.0
1176,1177,0,0.109278443,54,0,,6438.4734917733085,5,0,1,0,0.0
1177,1178,0,0.012951764,68,0,,6438.4734917733085,5,0,1,0,0.0
1178,1179,0,0.186223251,58,1,2240.7482296,8900.0,11,0,1,0,3.0
1179,1180,0,0.219540157,31,0,,6438.4734917733085,4,0,0,0,0.0
1180,1181,0,0.386875937,48,0,2482.8809253,20850.0,19,0,0,0,2.0
1181,1182,0,0.809765043,64,0,5134.523570852,10777.0,11,0,1,0,0.0
1182,1183,0,0.126458612,60,0,,6438.4734917733085,7,0,0,0,0.0
1183,1184,0,0.281812558,79,1,3198.695367,10500.0,16,0,2,0,1.0
1184,1185,0,0.058309113,70,0,1808.27669,2500.0,12,0,2,0,0.0
1185,1186,0,0.075662361,63,0,2162.6841848960003,6848.0,7,0,2,0,0.0
1186,1187,1,0.087649402,27,0,21.990005399999998,2200.0,2,0,0,1,1.0
1187,1188,0,0.544761241,58,0,3538.407898512,5976.0,13,0,2,0,1.0
1188,1189,0,0.099272518,58,0,288.965981928,8494.0,3,0,0,0,3.0
1189,1190,0,0.201132761,65,0,1883.751585926,7583.0,9,0,2,0,0.0
1190,1191,0,0.0,48,0,636.6816600000001,2000.0,5,0,0,0,1.0
1191,1192,0,0.0,43,0,,6438.4734917733085,2,0,0,0,0.0
1192,1193,0,0.963614554,46,0,797.775715885,3557.0,5,1,1,0,3.0
1193,1194,0,0.027130865,43,0,2066.74325865,8050.0,6,0,1,0,1.0
1194,1195,0,0.081312065,65,1,,6438.4734917733085,6,0,0,0,
1195,1196,0,0.19129696,70,0,2148.7868897910002,10083.0,15,0,1,0,0.0
1196,1197,0,0.1031864,75,0,1930.8636940500003,14166.0,5,0,2,0,0.0
1197,1198,0,0.9999999,50,0,2148.085142328,2348.0,5,0,1,0,0.0
1198,1199,0,0.030586236,36,1,906.689063988,2916.0,5,0,0,0,2.0
1199,1200,0,0.041084962,64,0,3170.735772,12000.0,8,0,1,0,0.0
1200,1201,1,0.0,36,0,689.8423218749999,4375.0,7,0,0,0,2.0
1201,1202,0,0.0,48,0,,6438.4734917733085,6,0,3,0,0.0
1202,1203,0,0.375897212,62,0,2665.70436632,9017.0,21,0,1,0,0.0
1203,1204,0,0.9999999,68,0,265.803254262,1351.0,3,0,0,0,0.0
1204,1205,0,0.9999999,59,0,111.9796425,5500.0,1,0,0,0,1.0
1205,1206,0,0.096009775,53,0,2498.4548426439997,4583.0,8,0,1,0,1.0
1206,1207,0,0.0,37,1,,6438.4734917733085,3,0,1,0,0.0
1207,1208,0,0.028200734,56,0,439.9154032,5200.0,10,0,1,0,0.0
1208,1209,0,0.076703026,41,0,1860.61156308,4790.0,14,0,2,0,0.0
1209,1210,0,0.227820379,77,0,3662.4450851999995,6600.0,24,0,2,0,0.0
1210,1211,0,0.0,53,0,0.0,3000.0,2,0,0,0,1.0
1211,1212,0,0.019391297,68,0,238.9354217,3700.0,9,0,0,0,1.0
1212,1213,0,0.149113358,68,0,3430.300794602,4906.0,8,0,2,0,0.0
1213,1214,0,0.726759759,55,0,6082.34829885,9333.0,9,0,3,0,2.0
1214,1215,0,0.099815157,57,0,989.76765876,4260.0,8,0,1,0,1.0
1215,1216,0,0.00077776,74,0,2793.790460159,13333.0,6,0,3,0,0.0
1216,1217,0,0.51835032,73,0,6166.3148550000005,9000.0,13,0,2,0,0.0
1217,1218,0,0.083984419,49,0,,6438.4734917733085,5,0,2,0,3.0
1218,1219,0,0.047286367,69,0,96.9870675,7500.0,5,0,0,0,0.0
1219,1220,0,0.142122933,54,0,,6438.4734917733085,18,0,3,0,1.0
1220,1221,0,0.058416154,29,0,1660.700291136,5541.0,10,0,0,0,0.0
1221,1222,0,0.006556256,88,0,,6438.4734917733085,7,0,0,0,
1222,1223,0,0.062081558,28,0,69.9876122,5650.0,6,0,0,0,0.0
1223,1224,0,0.9999999,27,0,24.9853029,1700.0,0,0,0,0,1.0
1224,1225,0,0.0,43,0,2020.56265026,4620.0,7,0,1,0,0.0
1225,1226,0,0.065421016,56,1,437.761566936,1836.0,9,0,0,0,0.0
1226,1227,0,0.901408451,27,0,339.848955,2250.0,5,0,0,0,0.0
1227,1228,0,0.072018143,50,0,2869.565218,2000.0,12,0,1,0,1.0
1228,1229,0,0.392192869,43,0,1351.849797,9000.0,8,0,0,0,2.0
1229,1230,0,0.507497501,68,0,44.987531424,3608.0,3,0,0,0,0.0
1230,1231,0,0.0,37,0,2362.3126338,1400.0,8,0,2,0,0.0
1231,1232,1,0.9999999,60,1,2468.459381718,4566.0,2,0,1,1,0.0
1232,1233,0,0.016118843,38,0,311.87525,2500.0,12,0,0,0,1.0
1233,1234,0,0.593788744,63,0,,6438.4734917733085,13,0,2,0,1.0
1234,1235,0,0.9999999,64,0,,6438.4734917733085,2,0,0,0,0.0
1235,1236,0,0.361682297,41,0,1101.803248,5600.0,9,0,0,0,2.0
1236,1237,0,0.811623025,33,1,791.5602438,1800.0,8,0,0,0,4.0
1237,1238,0,0.213456163,64,0,1743.26444466,2370.0,9,0,2,0,0.0
1238,1239,0,0.002124734,73,0,,6438.4734917733085,9,0,1,0,
1239,1240,0,0.040253329,54,0,2985.598333196,7433.0,12,0,1,0,2.0
1240,1241,0,0.443626281,53,0,1014.746312,4000.0,6,0,0,0,1.0
1241,1242,0,0.002012856,59,0,,6438.4734917733085,2,0,1,0,0.0
1242,1243,0,0.05575925,62,0,94.985197623,6417.0,6,0,0,0,0.0
1243,1244,0,0.007749806,60,0,1668.779789922,7578.0,8,0,1,0,0.0
1244,1245,0,0.696495633,46,0,1659.723378,6000.0,10,0,0,0,1.0
1245,1246,0,0.58069462,39,1,3468.214804474,4417.0,8,0,2,0,0.0
1246,1247,0,0.120179936,52,1,4234.5727828320005,9912.0,10,0,3,0,1.0
1247,1248,0,0.022516958,67,0,,6438.4734917733085,5,0,1,0,0.0
1248,1249,0,0.017594819,52,0,1197.693529552,3908.0,7,0,1,0,1.0
1249,1250,0,0.9999999,65,1,341.938578738,5567.0,1,0,0,0,0.0
1250,1251,0,0.0,84,0,,6438.4734917733085,1,0,0,0,0.0
1251,1252,0,0.465521089,47,0,,6438.4734917733085,8,0,1,0,0.0
1252,1253,0,0.874912509,46,0,2568.6977985000003,8500.0,4,0,1,0,0.0
1253,1254,0,0.037273952,63,0,1721.0465114600001,1805.0,8,0,1,0,0.0
1254,1255,0,0.141762552,78,0,161.971743524,5732.0,5,0,0,0,0.0
1255,1256,0,0.017926392,62,0,21.99481344,4240.0,6,0,0,0,0.0
1256,1257,0,0.082238982,30,0,,6438.4734917733085,7,0,2,0,
1257,1258,0,0.07372713,53,0,977.860303,7000.0,16,0,0,0,0.0
1258,1259,0,0.006145513,74,0,,6438.4734917733085,2,0,0,0,
1259,1260,0,0.06781117,71,0,1827.667699,5500.0,19,0,2,0,1.0
1260,1261,1,0.887080965,45,0,2271.51772275,4710.0,4,0,1,1,2.0
1261,1262,0,0.293687348,31,0,,6438.4734917733085,13,0,0,0,0.0
1262,1263,0,0.030153714,58,0,15.996,4000.0,6,0,0,0,0.0
1263,1264,0,0.414618818,70,0,,6438.4734917733085,21,0,2,0,0.0
1264,1265,0,0.853239735,62,0,932.51228456,1912.0,4,0,0,0,0.0
1265,1266,0,0.004195682,45,1,3825.521808,8000.0,12,0,2,0,1.0
1266,1267,1,0.767840152,74,3,859.70355,2900.0,4,1,0,1,0.0
1267,1268,1,0.041191762,31,0,522.73863,2000.0,3,0,0,0,0.0
1268,1269,0,0.015200908,63,0,45.99200175,5750.0,3,0,0,0,0.0
1269,1270,0,0.006732763,76,0,,6438.4734917733085,7,0,1,0,
1270,1271,0,0.839792644,54,0,2109.31759511,3091.0,9,0,1,0,1.0
1271,1272,0,0.11327535,54,0,,6438.4734917733085,5,0,1,0,1.0
1272,1273,0,0.021418674,57,0,1336.7185852500002,4750.0,13,0,1,0,1.0
1273,1274,0,0.924271715,45,4,1645.558238725,3725.0,7,2,0,0,2.0
1274,1275,0,0.028458411,54,0,2136.7808475,9750.0,22,0,1,0,0.0
1275,1276,0,0.845719252,50,0,646.676662,2000.0,6,0,0,0,1.0
1276,1277,0,0.9999999,29,0,547.9198140670001,6833.0,3,0,0,0,0.0
1277,1278,1,0.965034965,35,0,470.93721,7500.0,2,0,1,1,2.0
1278,1279,0,0.124366408,53,0,,6438.4734917733085,11,0,3,0,4.0
1279,1280,0,0.033203829,71,0,2072.6811235,6500.0,11,0,1,0,0.0
1280,1281,0,0.036422035,30,0,1756.0,1.0,10,0,2,0,0.0
1281,1282,0,0.9999999,82,0,,6438.4734917733085,0,0,0,0,
1282,1283,0,0.760016551,48,2,5841.082455744,6366.0,10,0,1,0,1.0
1283,1284,0,0.9999999,41,0,22.992335999999998,3000.0,0,0,0,0,0.0
1284,1285,0,0.147775796,33,0,,6438.4734917733085,8,0,0,0,0.0
1285,1286,1,1.0085156,59,1,12503.780261597001,5633.0,23,0,4,0,0.0
1286,1287,0,0.0,68,0,1024.3653257219999,1614.0,9,0,1,0,1.0
1287,1288,0,0.119775556,31,0,190.958039478,4551.0,3,1,0,0,0.0
1288,1289,0,0.251354973,39,1,2887.6149825,7500.0,7,0,1,0,1.0
1289,1290,0,0.078912031,50,1,3778.4033768639997,6333.0,7,0,1,0,0.0
1290,1291,0,0.065464485,80,0,57.993149292000005,8461.0,1,0,0,0,0.0
1291,1292,0,0.018856544,35,1,1872.765904,8000.0,11,0,0,0,0.0
1292,1293,0,0.551440662,44,0,2916.5818536,6975.0,14,0,2,0,1.0
1293,1294,0,0.153327953,61,0,,6438.4734917733085,6,0,2,0,1.0
1294,1295,0,0.020212314,55,0,1602.6976022000001,5300.0,13,0,1,0,0.0
1295,1296,0,0.239551535,51,0,2114.642555316,5916.0,10,0,1,0,1.0
1296,1297,1,0.9999999,34,0,1567.745745482,6166.0,5,1,1,1,2.0
1297,1298,0,0.024688074,45,0,1372.8008985600002,6895.0,12,0,1,0,0.0
1298,1299,0,0.796278584,44,0,,6438.4734917733085,6,5,1,2,4.0
1299,1300,1,0.9999999,30,0,84.984890625,5625.0,2,0,0,0,1.0
1300,1301,0,0.623875225,41,0,92.96281499999999,2500.0,2,0,0,0,1.0
1301,1302,0,0.176443529,67,0,1718.8174806929999,9417.0,15,0,2,0,0.0
1302,1303,0,0.0,42,0,3092.5167936000003,6400.0,3,0,1,0,4.0
1303,1304,0,0.06769731,75,0,170.917946669,2083.0,11,0,0,0,0.0
1304,1305,0,0.330939503,41,3,1742.6831510000002,5500.0,6,0,1,0,2.0
1305,1306,0,0.070324183,39,0,3670.6485704350002,10445.0,12,0,1,0,4.0
1306,1307,0,0.012739234,70,0,25.991337,3000.0,6,0,0,0,0.0
1307,1308,0,0.007868766,63,0,,6438.4734917733085,6,0,1,0,0.0
1308,1309,0,0.019477727,41,0,2246.6346921,6150.0,12,0,2,0,0.0
1309,1310,0,0.447465042,59,0,3492.503272378,7031.0,10,0,2,0,2.0
1310,1311,0,0.987501953,52,0,,6438.4734917733085,12,0,2,0,0.0
1311,1312,1,0.983078225,42,0,3980.115531,4500.0,17,0,2,0,2.0
1312,1313,0,0.0,57,0,,6438.4734917733085,12,0,0,0,0.0
1313,1314,1,0.972150876,59,0,2726.52620195,1850.0,12,0,2,0,0.0
1314,1315,0,0.714456939,49,2,6695.39784669,4179.0,15,0,3,0,3.0
1315,1316,0,0.021614553,67,0,,6438.4734917733085,8,0,1,0,1.0
1316,1317,0,0.073037127,49,0,1603.750077198,6417.0,8,0,2,0,0.0
1317,1318,0,0.575314156,59,0,2880.3461177550003,4405.0,6,0,1,0,0.0
1318,1319,0,0.086460416,27,0,2374.9444687500004,2250.0,7,0,2,0,0.0
1319,1320,0,0.254093195,57,0,2517.5422635,5500.0,12,0,2,0,0.0
1320,1321,0,0.0,67,0,63.96859746900001,2037.0,4,0,0,0,1.0
1321,1322,0,0.433365292,32,1,2551.38073216,4120.0,5,0,1,0,1.0
1322,1323,0,0.122020904,59,0,,6438.4734917733085,9,0,0,0,0.0
1323,1324,0,0.288425263,77,0,1351.466035095,2531.0,8,0,1,0,0.0
1324,1325,0,0.195256512,48,0,2607.515602111,5383.0,20,0,3,0,0.0
1325,1326,0,0.846574881,45,0,951.841362,6000.0,5,0,0,0,2.0
1326,1327,0,0.123564228,45,0,2670.7978978650003,13215.0,5,0,1,0,2.0
1327,1328,0,0.007161678,82,0,,6438.4734917733085,7,0,0,0,0.0
1328,1329,0,0.011753293,63,0,398.89502880000003,3800.0,3,0,1,0,0.0
1329,1330,0,0.0,59,0,,6438.4734917733085,4,0,1,0,2.0
1330,1331,0,0.170685802,50,0,,6438.4734917733085,5,0,0,0,3.0
1331,1332,0,0.078534132,49,0,2432.6193112200003,6390.0,7,0,1,0,0.0
1332,1333,0,0.160060865,41,1,2749.629229848,7416.0,8,1,1,0,1.0
1333,1334,0,0.16351208,50,0,4056.4929359999996,8000.0,14,0,4,0,3.0
1334,1335,0,0.032008214,73,0,1880.7734015,8300.0,11,0,2,0,0.0
1335,1336,0,0.994133464,53,1,4120.46250442,7666.0,10,0,1,0,0.0
1336,1337,0,0.322649069,38,0,1141.732742064,4272.0,5,0,2,0,0.0
1337,1338,0,0.002983261,80,0,0.9998739299999999,7789.0,2,0,0,0,0.0
1338,1339,1,0.617025827,26,0,549.839088855,3417.0,5,0,0,0,0.0
1339,1340,1,0.409985282,69,1,4087.7200158,14600.0,15,0,2,0,0.0
1340,1341,0,0.002427884,77,0,754.7615284049999,3165.0,13,0,1,0,0.0
1341,1342,0,0.173948934,68,0,,6438.4734917733085,7,0,2,0,0.0
1342,1343,0,0.04719764,74,0,3495.62433105,9305.0,8,0,5,0,8.0
1343,1344,0,0.202774562,59,0,,6438.4734917733085,23,0,3,0,2.0
1344,1345,0,0.087406258,32,0,505.71102225000004,1750.0,8,0,0,0,2.0
1345,1346,0,0.0,39,0,232.944085482,4166.0,5,0,0,0,0.0
1346,1347,0,0.04569372,49,0,1200.699824,4000.0,14,0,1,0,1.0
1347,1348,0,0.022780051,53,0,3230.67693,10000.0,14,0,2,0,1.0
1348,1349,0,0.036934189,56,0,2407.712068624,8362.0,8,0,1,0,2.0
1349,1350,0,0.0,62,0,,6438.4734917733085,5,0,1,0,0.0
